Disease Description|Scenario|Note|Polished Note|Role|dial|polished_dial
ENCOUNTER FOR IMMUNIZATION|"ROLE: Family Medicine Physician

**Scenario:**

**1) Medical Outcome:**
   - Administer influenza vaccine
   - Recommend follow-up for annual vaccines and preventive care

**2) Medical History:**
   - Chronic Conditions: Hypertension, controlled with medication (Lisinopril 10 mg daily)
   - Family Medical History: Father had type 2 diabetes, mother had hypertension
   - Allergies: Penicillin

**3) Symptom Description:**
   - NA

**4) Patient’s self-reported habits and lifestyle:**
   - Sleep: 7-8 hours per night
   - Diet: Balanced diet, includes fruits, vegetables, and lean meats
   - Exercise: Walks for 30 minutes, 5 times a week
   - Tobacco Use: None
   - Alcohol Consumption: Occasional (1-2 glasses of wine per week)
   - Drug Use: None
   - Recreational Activities: Enjoys gardening and reading

**5) Demographic Information:**
   - Age: 52
   - Gender: Female
   - Ethnicity: Caucasian
   - Socio-economic Status: Middle class
   - Education Level: College graduate
   - Health Literacy: High
   - Job Status: Full-time employment as a school teacher

**6) Patient's Behavior:**
   - Highly cooperative with medical advice and follows up regularly

**7) Geographical Location:**
   - Big City
   - Urban
   - Moderate pollution and environmental health risks
   - Affluent neighborhood, well-served by transit, not a food desert

**8) Clinical Setting:**
   - Community Health Services

**9) Type of Encounter:**
   - Routine Check-up

**10) Treatment Disparities:**
   - NA

**11) Native or Non-Native English Speaking Patient:**
   - Native English Speaking

**12) Physical exams:**
   - NA

**13) Investigation/Test results:**
   - NA"|"#####
**1. Subjective:**
The patient, a 52-year-old Caucasian female, presents for a routine check-up. She has a consistent sleep pattern, achieving 7-8 hours of sleep per night. Her diet is well-balanced, including fruits, vegetables, and lean meats. She exercises regularly by walking for 30 minutes, five times a week. She denies tobacco use or drug use and reports occasional alcohol consumption (1-2 glasses of wine per week). Her recreational activities include gardening and reading. She has a history of hypertension, which is well-controlled on Lisinopril 10 mg daily. She has no new symptoms or concerns at this time.

**2. Objective:**
- Vital Signs: Blood pressure: 125/78 mmHg, Heart rate: 72 bpm, Respiratory rate: 16 breaths per minute, Temperature: 98.6°F
- General appearance: Well-nourished, well-developed, no signs of acute distress
- Cardiovascular: Regular rate and rhythm, no murmurs, gallops, or rubs
- Respiratory: Clear to auscultation bilaterally, no wheezes, rales, or rhonchi
- Abdomen: Soft, non-tender, no hepatosplenomegaly
- Extremities: No edema, good capillary refill

**3. Assessment:**
- Hypertension: Well-controlled on current medication regimen.
- Preventive care: Patient is due for her annual influenza vaccine.

**4. Plan:**
1. **Hypertension:**
   - Continue current medication: Lisinopril 10 mg daily.
   - Monitor blood pressure at home and report any significant changes.
   - Reinforce lifestyle modifications, including diet and exercise.

2. **Preventive Care:**
   - Administer influenza vaccine today.
   - Schedule follow-up for annual vaccinations and preventive care measures.
   - Discuss the importance of regular screening tests (e.g., mammograms, colonoscopy) based on age and risk factors.

3. **Patient Education and Counseling:**
   - Educated on the importance of maintaining a balanced diet, regular physical activity, and medication adherence.
   - Discussed the benefits of the influenza vaccine and addressed any concerns.
   - Encouraged the patient to continue her current healthy lifestyle habits.

4. **Follow-Up:**
   - Routine follow-up visit in 6 months or as needed for any concerns.
   - Annual physical examination next year.

The patient understands and agrees with the recommended medical treatment plan.

#####
"|"#####
**1. Subjective:**
The patient, a 52-year-old Caucasian female named Susan Miller, presents for a routine check-up. She has a consistent sleep pattern, achieving 7-8 hours of sleep per night. Her diet is well-balanced, including fruits, vegetables, and lean meats. She exercises regularly by walking for 30 minutes, five times a week. She denies tobacco use or drug use and reports occasional alcohol consumption (1-2 glasses of wine per week). Her recreational activities include gardening and reading. She has a history of hypertension, which is well-controlled on Lisinopril 10 mg daily. She has no new symptoms or concerns at this time.

**2. Objective:**
- Vital Signs: Blood pressure: 125/78 mmHg, Heart rate: 72 bpm, Respiratory rate: 16 breaths per minute, Temperature: 98.6°F
- General appearance: Well-nourished, well-developed, no signs of acute distress
- Cardiovascular: Regular rate and rhythm, no murmurs, gallops, or rubs
- Respiratory: Clear to auscultation bilaterally, no wheezes, rales, or rhonchi
- Abdomen: Soft, non-tender, no hepatosplenomegaly
- Extremities: No edema, good capillary refill

**3. Assessment:**
- Hypertension: Well-controlled on current medication regimen.
- Preventive care: Patient is due for her annual influenza vaccine.

**4. Plan:**
1. **Hypertension:**
   - Continue current medication: Lisinopril 10 mg daily.
   - Monitor blood pressure at home and report any significant changes.
   - Reinforce lifestyle modifications, including diet and exercise.

2. **Preventive Care:**
   - Administer influenza vaccine today.
   - Schedule follow-up for annual vaccinations and preventive care measures.
   - Discuss the importance of regular screening tests (e.g., mammograms, colonoscopy) based on age and risk factors.

3. **Patient Education and Counseling:**
   - Educated on the importance of maintaining a balanced diet, regular physical activity, and medication adherence.
   - Discussed the benefits of the influenza vaccine and addressed any concerns.
   - Encouraged the patient to continue her current healthy lifestyle habits.

4. **Follow-Up:**
   - Routine follow-up visit in 6 months or as needed for any concerns.
   - Annual physical examination next year.

The patient understands and agrees with the recommended medical treatment plan.

#####"|Family Medicine Physician|"### Conversation:

**Doctor:** Good morning! How are you feeling today?

**Patient:** Good morning! I'm feeling well, thank you.

**Doctor:** That's great to hear. I see you're here for a routine check-up. Can you tell me a little about your daily routine and lifestyle?

**Patient:** Sure! I have a pretty consistent sleep pattern, usually getting about 7-8 hours of sleep each night. My diet is well-balanced; I eat plenty of fruits, vegetables, and lean meats. I also make sure to exercise regularly by walking for 30 minutes, five times a week.

**Doctor:** That sounds excellent. Do you use tobacco or any recreational drugs?

**Patient:** No, I don't use tobacco or any drugs.

**Doctor:** How about alcohol?

**Patient:** I drink occasionally, maybe 1-2 glasses of wine per week.

**Doctor:** All right. Any other recreational activities you enjoy?

**Patient:** I love gardening and reading in my free time.

**Doctor:** Great hobbies! How have you been managing your hypertension?

**Patient:** It's been well-controlled with my medication, Lisinopril 10 mg daily. I haven't had any issues.

**Doctor:** Good to know. Any new symptoms or concerns recently?

**Patient:** No, everything's been fine.

**Doctor:** Excellent. Let me go over your vital signs and perform a quick physical examination. Your blood pressure today is 125/78 mmHg, heart rate is 72 bpm, respiratory rate is 16 breaths per minute, and your temperature is 98.6°F. Everything looks good so far.

**Patient:** That's reassuring.

**Doctor:** In terms of your general appearance, you look well-nourished and well-developed, with no signs of acute distress. Let's check your cardiovascular system: your heart has a regular rate and rhythm, and I don't hear any murmurs, gallops, or rubs. 

**Patient:** That's good to hear.

**Doctor:** Moving on to your respiratory system: your lungs are clear to auscultation bilaterally, which means no wheezes, rales, or rhonchi.

**Patient:** Great.

**Doctor:** Your abdomen is soft and non-tender, and there's no enlargement of your liver or spleen. And lastly, your extremities show no signs of edema, and you have good capillary refill.

**Patient:** Sounds good.

**Doctor:** Based on your examination, your hypertension is well-controlled with your current medication. We'll continue with Lisinopril 10 mg daily. I'd like you to keep monitoring your blood pressure at home and report any significant changes.

**Patient:** Sure, I can do that.

**Doctor:** We'll also reinforce lifestyle modifications, including maintaining your balanced diet and regular exercise routine.

**Patient:** Absolutely.

**Doctor:** For preventive care, you're due for your annual influenza vaccine. Would you like to receive that today?

**Patient:** Yes, that sounds fine.

**Doctor:** We'll administer the influenza vaccine today. Additionally, we should schedule follow-ups for your annual vaccinations and other preventive care measures.

**Patient:** Okay, that makes sense.

**Doctor:** It's important to continue with regular screening tests based on your age and risk factors. This includes mammograms and colonoscopy. Have you had these screenings done recently?

**Patient:** Yes, I had a mammogram last year and a colonoscopy two years ago.

**Doctor:** Perfect. We'll keep those in mind for your future appointments. Now, let's talk a bit about patient education and counseling. It's essential to maintain a balanced diet, regular physical activity, and adherence to your medication.

**Patient:** I agree.

**Doctor:** I also want to discuss the benefits of the influenza vaccine. It will help protect you from the flu and reduce the risk of complications. Do you have any concerns about the vaccine?

**Patient:** No, I'm okay with getting it.

**Doctor:** Great. Keep up with your current healthy lifestyle habits. They are doing wonders for your overall health.

**Patient:** Thank you! I will.

**Doctor:** Lastly, we'll schedule a routine follow-up visit in six months or as needed if any concerns arise. We'll also plan for your annual physical examination next year.

**Patient:** Sounds good to me.

**Doctor:** Do you have any questions or concerns you'd like to discuss?

**Patient:** No, I think we've covered everything.

**Doctor:** Excellent. Thank you for coming in today. We'll see you in six months for your follow-up.

**Patient:** Thank you, doctor. See you then!

**Doctor:** Take care and have a great day!

**Patient:** You too, doctor. Goodbye!"|"[doctor]: Good morning! How are you feeling today?

[patient]: Good morning! I'm feeling well, thank you.

[doctor]: That's great to hear. I see you're here for a routine check-up. Can you tell me a little about your daily routine and lifestyle?

[patient]: Sure! I have a pretty consistent sleep pattern, usually getting about 7-8 hours of sleep each night. My diet is well-balanced; I eat plenty of fruits, vegetables, and lean meats. I also make sure to exercise regularly by walking for 30 minutes, five times a week.

[doctor]: That sounds excellent. Do you use tobacco or any recreational drugs?

[patient]: No, I don't use tobacco or any drugs.

[doctor]: How about alcohol?

[patient]: I drink occasionally, maybe 1-2 glasses of wine per week.

[doctor]: All right. Any other recreational activities you enjoy?

[patient]: I love gardening and reading in my free time.

[doctor]: Great hobbies! How have you been managing your hypertension?

[patient]: It's been well-controlled with my medication, Lisinopril 10 mg daily. I haven't had any issues.

[doctor]: Good to know. Any new symptoms or concerns recently?

[patient]: No, everything's been fine.

[doctor]: Excellent. Let me go over your vital signs and perform a quick physical examination. Your blood pressure today is 125/78 mmHg, heart rate is 72 bpm, respiratory rate is 16 breaths per minute, and your temperature is 98.6°F. Everything looks good so far.

[patient]: That's reassuring.

[doctor]: In terms of your general appearance, you look well-nourished and well-developed, with no signs of acute distress. Let's check your cardiovascular system: your heart has a regular rate and rhythm, and I don't hear any murmurs, gallops, or rubs. 

[patient]: That's good to hear.

[doctor]: Moving on to your respiratory system: your lungs are clear to auscultation bilaterally, which means no wheezes, rales, or rhonchi.

[patient]: Great.

[doctor]: Your abdomen is soft and non-tender, and there's no enlargement of your liver or spleen. And lastly, your extremities show no signs of edema, and you have good capillary refill.

[patient]: Sounds good.

[doctor]: Based on your examination, your hypertension is well-controlled with your current medication. We'll continue with Lisinopril 10 mg daily. I'd like you to keep monitoring your blood pressure at home and report any significant changes.

[patient]: Sure, I can do that.

[doctor]: We'll also reinforce lifestyle modifications, including maintaining your balanced diet and regular exercise routine.

[patient]: Absolutely.

[doctor]: For preventive care, you're due for your annual influenza vaccine. Would you like to receive that today?

[patient]: Yes, that sounds fine.

[doctor]: We'll administer the influenza vaccine today. Additionally, we should schedule follow-ups for your annual vaccinations and other preventive care measures.

[patient]: Okay, that makes sense.

[doctor]: It's important to continue with regular screening tests based on your age and risk factors. This includes mammograms and colonoscopy. Have you had these screenings done recently?

[patient]: Yes, I had a mammogram last year and a colonoscopy two years ago.

[doctor]: Perfect. We'll keep those in mind for your future appointments. Now, let's talk a bit about patient education and counseling. It's essential to maintain a balanced diet, regular physical activity, and adherence to your medication.

[patient]: I agree.

[doctor]: I also want to discuss the benefits of the influenza vaccine. It will help protect you from the flu and reduce the risk of complications. Do you have any concerns about the vaccine?

[patient]: No, I'm okay with getting it.

[doctor]: Great. Keep up with your current healthy lifestyle habits. They are doing wonders for your overall health.

[patient]: Thank you! I will.

[doctor]: Lastly, we'll schedule a routine follow-up visit in six months or as needed if any concerns arise. We'll also plan for your annual physical examination next year.

[patient]: Sounds good to me.

[doctor]: Do you have any questions or concerns you'd like to discuss?

[patient]: No, I think we've covered everything.

[doctor]: Excellent. Thank you for coming in today. We'll see you in six months for your follow-up.

[patient]: Thank you, doctor. See you then!

[doctor]: Take care and have a great day!

[patient]: You too, doctor. Goodbye!"
ENCOUNTER FOR IMMUNIZATION|"ROLE: Family Medicine Physician

Patient's Age: 35
Patient's Gender: Female
Patient's Ethnicity: Hispanic
Socio-economic Status: Middle class
Education Level: College graduate
Health Literacy: High
Job Status: Administrative assistant

Type of Encounter: Preventive Health Screening
Clinical Setting: Community Health Services
Geographical Location: Urban, well-served by transit

Medical History:
    • Previous Diagnoses: Seasonal allergies
    • Family Medical History: Mother with Type 2 Diabetes
    • Medication History: Over-the-counter antihistamines for allergies
    • Allergies: N/A
    • Chronic Conditions: N/A

Symptom Description: N/A

Patient's self-reported habits and lifestyle:
    • Sleep: 7-8 hours per night, good quality
    • Diet: Balanced diet with occasional indulgence in sweets
    • Exercise: Moderate, jogging 3 times a week
    • Tobacco Use: None
    • Alcohol Consumption: Occasional, 1-2 drinks per week
    • Drug Use: None
    • Recreational Activities: Enjoys reading and gardening

Patient's Behavior: Cooperative and well-informed

Physical Exam: N/A

Investigation/Test results: N/A

Medical Outcome:
    • Immunization: Administer Influenza vaccine, intramuscular, 0.5 mL single dose.
    • Follow-up Recommendations: Patient to return next year for annual flu shot and to keep up with other scheduled vaccinations. 

"|"#####
**1. Subjective:**
The patient, a 35-year-old Hispanic female, presents for a preventive health screening. She reports good overall health and follows a balanced lifestyle. She sleeps 7-8 hours per night with good quality, follows a balanced diet with occasional indulgence in sweets, and exercises moderately by jogging three times a week. The patient denies any tobacco, drug use, and reports occasional alcohol consumption (1-2 drinks per week). She enjoys reading and gardening as recreational activities. The patient has a high level of health literacy and is cooperative and well-informed. She has no current symptoms or complaints.

**2. Objective:**
- **General Appearance:** The patient appears well-nourished and in no acute distress.
- **Vitals:** Not assessed at this visit.
- **Physical Exam:** Not performed at this visit due to the nature of the preventive health screening.
- **Current Medications:** Over-the-counter antihistamines for seasonal allergies.
- **Allergies:** None.

**3. Assessment:**
- **Health Maintenance:** Preventive health screening performed. The patient is in good health with lifestyle habits that support wellness. 
- **Seasonal Allergies:** Well-controlled with over-the-counter antihistamines.
- **Family History:** Noted that the patient's mother has Type 2 Diabetes, advising the patient to be mindful of lifestyle choices to mitigate risk factors for developing diabetes.

**4. Plan:**
- **Immunizations:** Administered the Influenza vaccine, intramuscular, 0.5 mL single dose for the current flu season.
- **Preventive Measures:**
  - Encouraged continuous engagement in moderate exercise and a balanced diet.
  - Recommended to monitor for signs and symptoms of diabetes given her family history.
- **Follow-Up:** 
  - Annual influenza vaccination next year.
  - Keep up with other scheduled vaccinations as per CDC guidelines.
  - Return to the clinic if any new symptoms or health concerns arise.
  
**Patient Education:**
- Advised the patient on the importance of maintaining a balanced diet and regular physical activity to reduce the risk of Type 2 Diabetes.
- Discussed the benefits of annual flu vaccination and addressed any questions or concerns related to the vaccine.

The patient has been scheduled for follow-up next year for her annual flu shot and advised to contact the clinic for any health changes or concerns in the meantime.
#####

"|"#####
**1. Subjective:**
The patient, a 35-year-old Hispanic female, presents for a preventive health screening. She reports good overall health and follows a balanced lifestyle. She sleeps 7-8 hours per night with good quality, follows a balanced diet with occasional indulgence in sweets, and exercises moderately by jogging three times a week. The patient denies any tobacco, drug use, and reports occasional alcohol consumption (1-2 drinks per week). She enjoys reading and gardening as recreational activities. The patient has a high level of health literacy and is cooperative and well-informed. She has no current symptoms or complaints.

**2. Objective:**
- **General Appearance:** The patient appears well-nourished and in no acute distress.
- **Vitals:** Not assessed at this visit.
- **Physical Exam:** Not performed at this visit due to the nature of the preventive health screening.
- **Current Medications:** Over-the-counter antihistamines for seasonal allergies.
- **Allergies:** None.

**3. Assessment:**
- **Health Maintenance:** Preventive health screening performed. The patient is in good health with lifestyle habits that support wellness. 
- **Seasonal Allergies:** Well-controlled with over-the-counter antihistamines.
- **Family History:** Noted that the patient's mother has Type 2 Diabetes, advising the patient to be mindful of lifestyle choices to mitigate risk factors for developing diabetes.

**4. Plan:**
- **Immunizations:** Administered the Influenza vaccine, intramuscular, 0.5 mL single dose for the current flu season.
- **Preventive Measures:**
  - Encouraged continuous engagement in moderate exercise and a balanced diet.
  - Recommended to monitor for signs and symptoms of diabetes given her family history.
- **Follow-Up:** 
  - Annual influenza vaccination next year.
  - Keep up with other scheduled vaccinations as per CDC guidelines.
  - Return to the clinic if any new symptoms or health concerns arise.
  
**Patient Education:**
- Advised the patient on the importance of maintaining a balanced diet and regular physical activity to reduce the risk of Type 2 Diabetes.
- Discussed the benefits of annual flu vaccination and addressed any questions or concerns related to the vaccine.

The patient has been scheduled for follow-up next year for her annual flu shot and advised to contact the clinic for any health changes or concerns in the meantime.
#####"|Family Medicine Physician|"### Conversation

#### HISTORY OF PRESENT ILLNESS
---
**Doctor**: Good morning! How are you today?

**Patient**: Good morning, doctor. I'm doing well, thank you.

**Doctor**: That's great to hear. So, what brings you in today?

**Patient**: I'm here for a preventive health screening.

**Doctor**: Excellent. Let's start with some general questions. How would you describe your overall health?

**Patient**: I think it's pretty good. I follow a balanced lifestyle.

**Doctor**: Can you tell me a bit more about your lifestyle habits?

**Patient**: Sure. I sleep about 7-8 hours every night, and the quality of my sleep is good. I follow a balanced diet, though I do indulge in sweets occasionally. As for exercise, I jog three times a week.

**Doctor**: That's wonderful. Any use of tobacco or drugs?

**Patient**: No, I don't use tobacco or drugs.

**Doctor**: What about alcohol consumption?

**Patient**: I drink occasionally, maybe 1-2 drinks per week.

**Doctor**: Got it. Do you engage in any recreational activities?

**Patient**: Yes, I enjoy reading and gardening.

**Doctor**: That's nice. It sounds like you have a well-rounded lifestyle. Do you have any current symptoms or health complaints?

**Patient**: No, I feel fine.

**Doctor**: Great. How would you rate your level of health literacy?

**Patient**: I think it's high. I'm pretty well-informed about health matters.

**Doctor**: Excellent. Are you currently taking any medications?

**Patient**: Yes, I take over-the-counter antihistamines for seasonal allergies.

**Doctor**: Any allergies to medications or anything else?

**Patient**: No, I don't have any allergies.

**Doctor**: Good to know. Now, let's talk about your family history. Do any health conditions run in your family?

**Patient**: Yes, my mother has Type 2 Diabetes.

**Doctor**: Alright, that's important to note. We'll need to be mindful of lifestyle choices to mitigate risk factors for developing diabetes. 

**Patient**: Definitely, I try to stay active and eat well to avoid that.

**Doctor**: That's great to hear. Since this is a preventive health screening, we won't be doing a physical exam today, but I do want to give you the Influenza vaccine for the current flu season.

**Patient**: Okay, that's fine.

**Doctor**: I'll administer the vaccine now. It'll be an intramuscular injection, 0.5 mL single dose. Are you ready?

**Patient**: Yes, I'm ready.

**Doctor**: Alright, here we go. (Administers the vaccine) All done. How was that?

**Patient**: That was quick and easy.

**Doctor**: Excellent. Now, let's talk about some preventive measures. I encourage you to continue your moderate exercise and balanced diet. Given your family history, it's also important to monitor for signs and symptoms of diabetes.

**Patient**: What should I look out for?

**Doctor**: Some common signs include increased thirst, frequent urination, unexplained weight loss, and fatigue. If you notice any of these symptoms, please come back to the clinic.

**Patient**: Got it. I'll keep an eye out.

**Doctor**: Great. Also, remember to come back next year for your annual flu vaccination and keep up with other scheduled vaccinations as per CDC guidelines.

**Patient**: I will. Thank you for the reminder.

**Doctor**: You're welcome. Do you have any questions or concerns about today's visit or any other health issues?

**Patient**: No, I think I'm good for now.

**Doctor**: Wonderful. If any new symptoms or health concerns arise, don't hesitate to contact the clinic.

**Patient**: I will. Thank you, doctor.

**Doctor**: You're welcome. Have a great day and stay healthy!

**Patient**: Thanks, you too!"|"[doctor]: Good morning! How are you today?

[patient]: Good morning, doctor. I'm doing well, thank you.

[doctor]: That's great to hear. So, what brings you in today?

[patient]: I'm here for a preventive health screening.

[doctor]: Excellent. Let's start with some general questions. How would you describe your overall health?

[patient]: I think it's pretty good. I follow a balanced lifestyle.

[doctor]: Can you tell me a bit more about your lifestyle habits?

[patient]: Sure. I sleep about 7-8 hours every night, and the quality of my sleep is good. I follow a balanced diet, though I do indulge in sweets occasionally. As for exercise, I jog three times a week.

[doctor]: That's wonderful. Any use of tobacco or drugs?

[patient]: No, I don't use tobacco or drugs.

[doctor]: What about alcohol consumption?

[patient]: I drink occasionally, maybe 1-2 drinks per week.

[doctor]: Got it. Do you engage in any recreational activities?

[patient]: Yes, I enjoy reading and gardening.

[doctor]: That's nice. It sounds like you have a well-rounded lifestyle. Do you have any current symptoms or health complaints?

[patient]: No, I feel fine.

[doctor]: Great. How would you rate your level of health literacy?

[patient]: I think it's high. I'm pretty well-informed about health matters.

[doctor]: Excellent. Are you currently taking any medications?

[patient]: Yes, I take over-the-counter antihistamines for seasonal allergies.

[doctor]: Any allergies to medications or anything else?

[patient]: No, I don't have any allergies.

[doctor]: Good to know. Now, let's talk about your family history. Do any health conditions run in your family?

[patient]: Yes, my mother has Type 2 Diabetes.

[doctor]: Alright, that's important to note. We'll need to be mindful of lifestyle choices to mitigate risk factors for developing diabetes. 

[patient]: Definitely, I try to stay active and eat well to avoid that.

[doctor]: That's great to hear. Since this is a preventive health screening, we won't be doing a physical exam today, but I do want to give you the Influenza vaccine for the current flu season.

[patient]: Okay, that's fine.

[doctor]: I'll administer the vaccine now. It'll be an intramuscular injection, 0.5 mL single dose. Are you ready?

[patient]: Yes, I'm ready.

[doctor]: Alright, here we go. (Administers the vaccine) All done. How was that?

[patient]: That was quick and easy.

[doctor]: Excellent. Now, let's talk about some preventive measures. I encourage you to continue your moderate exercise and balanced diet. Given your family history, it's also important to monitor for signs and symptoms of diabetes.

[patient]: What should I look out for?

[doctor]: Some common signs include increased thirst, frequent urination, unexplained weight loss, and fatigue. If you notice any of these symptoms, please come back to the clinic.

[patient]: Got it. I'll keep an eye out.

[doctor]: Great. Also, remember to come back next year for your annual flu vaccination and keep up with other scheduled vaccinations as per CDC guidelines.

[patient]: I will. Thank you for the reminder.

[doctor]: You're welcome. Do you have any questions or concerns about today's visit or any other health issues?

[patient]: No, I think I'm good for now.

[doctor]: Wonderful. If any new symptoms or health concerns arise, don't hesitate to contact the clinic.

[patient]: I will. Thank you, doctor.

[doctor]: You're welcome. Have a great day and stay healthy!

[patient]: Thanks, you too!"
ENCOUNTER FOR IMMUNIZATION|"ROLE: Family Medicine Physician

1) Medical Outcome: 
   - Immunization provided today: Influenza vaccine, 0.5 mL, intramuscular injection.
   - Follow-up recommendations: Annual influenza vaccination.
   - Referral: None.

2) Medical History:
   - Previous Diagnoses: Hypertension.
   - Family Medical History: Mother has diabetes. Father has hypertension.
   - Medication History: Currently taking Lisinopril 10 mg, oral, once daily.
   - Allergies: No known drug allergies.
   - Chronic Conditions: Hypertension.

3) Symptom Description:
   - Severity: NA.
   - Duration: NA.
   - Associated Symptoms: NA.
   - Frequency: NA.
   - Impact on Daily Activities: NA.

4) Patient’s self-reported habits and lifestyle:
   - Sleep: 6 hours per night.
   - Diet: High in vegetables and lean proteins.
   - Exercise: 5 times per week.
   - Tobacco Use: Former smoker, quit 5 years ago.
   - Alcohol Consumption: Socially on weekends.
   - Drug Use: None.
   - Recreational Activities: Enjoys cycling and cooking.

5) Demographic Information:
   - Age: 60
   - Gender: Male
   - Ethnicity: Caucasian
   - Socio-economic Status: Upper middle class
   - Education Level: Master's degree
   - Health Literacy: Very high
   - Job Status: Retired engineer

6) Patient's Behavior:
   - Highly cooperative with medical advice.

7) Geographical Location:
   - Big City
   - Suburban
   - Well-served by transit, affluent neighborhood

8) Clinical Setting:
   - Private Practice

9) Type of Encounter:
   - Preventive Health Screening (Immunization)

10) Treatment Disparities:
    - None.

11) Native or Non-Native English Speaking Patient:
    - Native English Speaker

12) Physical exams:
    - NA.

13) Investigation/Test results:
    - NA."|"#####
CHIEF COMPLAINT

Annual preventive health screening and immunization.

HISTORY OF PRESENT ILLNESS

James Baker is a 60-year-old male with a well-documented history of hypertension who presents today for his annual preventive health screening, including his seasonal influenza vaccination. He is a retired engineer who lives in an affluent suburban neighborhood of a large city and leads an active lifestyle.

REVIEW OF SYSTEMS

• General: No recent illness or complaints.
• Cardiovascular: Denies chest pain, palpitations, or shortness of breath.
• Respiratory: Denies cough, wheezing, or difficulty breathing.
• Gastrointestinal: Denies abdominal pain, nausea, or changes in bowel habits.
• Genitourinary: Denies dysuria or hematuria.
• Musculoskeletal: Denies joint pain or muscle weakness.
• Neurological: Denies headaches, dizziness, or changes in vision/hearing.
• Psychiatric: Feels well, denies anxiety or depression.
• Endocrine: No polyuria, polydipsia, or weight changes.
• Hematologic/Lymphatic: Denies easy bruising or bleeding.
• Allergic/Immunologic: No known drug allergies.

PHYSICAL EXAMINATION

• Not performed during this visit.

VITALS REVIEWED

• Not recorded during this visit.

RESULTS

• Not applicable.

ASSESSMENT AND PLAN

James Baker is a 60-year-old male with a known history of hypertension who presents today for his annual preventive health screening and immunization.

Hypertension.
• Medical Reasoning: The patient is currently well controlled on Lisinopril 10 mg once daily. He reports adherence to his medication regimen and denies any side effects or complications related to his hypertension.
• Medical Treatment: Continue Lisinopril 10 mg, oral, once daily.
• Patient Education and Counseling: Reinforced the importance of adherence to medication and regular monitoring of blood pressure at home. Encouraged the patient to maintain his healthy lifestyle, including his exercise routine and balanced diet. Discussed reducing sodium intake to further manage blood pressure. The patient is to follow up in 6 months for a blood pressure check.

Preventive Health Maintenance.
• Influenza Immunization: Administered Influenza vaccine, 0.5 mL, intramuscular injection.
• Follow-up: Recommended annual influenza vaccination.
• Patient Education and Counseling: Discussed the importance of annual influenza vaccination, particularly in older adults and those with chronic conditions such as hypertension.

Patient Agreements: The patient understands and agrees with the recommended medical treatment plan.

Referral: None required at this time.

Next Appointment: Schedule for follow-up in 6 months or sooner if needed for blood pressure monitoring.

#####"|"**1. Subjective:**
James Baker is a 60-year-old male with a well-documented history of hypertension who presents today for his annual preventive health screening, including his seasonal influenza vaccination. He is a retired engineer who lives in an affluent suburban neighborhood of a large city and leads an active lifestyle.

**Review of Systems:**
• General: No recent illness or complaints.
• Cardiovascular: Denies chest pain, palpitations, or shortness of breath.
• Respiratory: Denies cough, wheezing, or difficulty breathing.
• Gastrointestinal: Denies abdominal pain, nausea, or changes in bowel habits.
• Genitourinary: Denies dysuria or hematuria.
• Musculoskeletal: Denies joint pain or muscle weakness.
• Neurological: Denies headaches, dizziness, or changes in vision/hearing.
• Psychiatric: Feels well, denies anxiety or depression.
• Endocrine: No polyuria, polydipsia, or weight changes.
• Hematologic/Lymphatic: Denies easy bruising or bleeding.
• Allergic/Immunologic: No known drug allergies.

**2. Objective:**
• Physical Examination: Not performed during this visit.
• Vitals Reviewed: Not recorded during this visit.
• Results: Not applicable.

**3. Assessment:**
James Baker is a 60-year-old male with a known history of hypertension who presents today for his annual preventive health screening and immunization.

Hypertension.
• Medical Reasoning: The patient is currently well controlled on Lisinopril 10 mg once daily. He reports adherence to his medication regimen and denies any side effects or complications related to his hypertension.

**4. Plan:**
• Medical Treatment: Continue Lisinopril 10 mg, oral, once daily.
• Patient Education and Counseling: Reinforced the importance of adherence to medication and regular monitoring of blood pressure at home. Encouraged the patient to maintain his healthy lifestyle, including his exercise routine and balanced diet. Discussed reducing sodium intake to further manage blood pressure. The patient is to follow up in 6 months for a blood pressure check.

Preventive Health Maintenance.
• Influenza Immunization: Administered Influenza vaccine, 0.5 mL, intramuscular injection.
• Follow-up: Recommended annual influenza vaccination.
• Patient Education and Counseling: Discussed the importance of annual influenza vaccination, particularly in older adults and those with chronic conditions such as hypertension.

Patient Agreements: The patient understands and agrees with the recommended medical treatment plan.

Referral: None required at this time.

Next Appointment: Schedule for follow-up in 6 months or sooner if needed for blood pressure monitoring."|Family Medicine Physician|"```
[doctor] Hi James, good to see you today. I see you're here for your annual preventive health screening and your seasonal flu shot. 

[patient] Yes, that's right. I try to stay on top of these things.

[doctor] Great to hear. So, how have you been feeling lately? Any recent illnesses or complaints?

[patient] No, I've been feeling pretty good. No issues to report.

[doctor] That's excellent. Let's go through a quick review of your systems just to make sure everything is in order. Have you experienced any chest pain, palpitations, or shortness of breath?

[patient] No, none of those.

[doctor] Any cough, wheezing, or difficulty breathing?

[patient] No, my lungs feel fine.

[doctor] Good. How about your digestive system? Any abdominal pain, nausea, or changes in bowel habits?

[patient] No, none of that either.

[doctor] Great. Any issues with urination, like pain or blood in the urine?

[patient] No, everything's normal there.

[doctor] How about your joints and muscles? Any joint pain or muscle weakness?

[patient] No, I feel strong.

[doctor] Excellent. Any headaches, dizziness, or changes in vision or hearing?

[patient] No, none of those symptoms.

[doctor] How's your mood? Any feelings of anxiety or depression?

[patient] I feel well, no anxiety or depression.

[doctor] Good to hear. Any excessive thirst, frequent urination, or unexplained weight changes?

[patient] No, none of that.

[doctor] Any issues with easy bruising or bleeding?

[patient] No, I don't bruise easily or bleed excessively.

[doctor] And you don't have any known drug allergies, correct?

[patient] That's correct, no known allergies.

[doctor] Alright, everything sounds good. Now, let's talk about your hypertension. You're currently taking Lisinopril 10 mg once daily, correct?

[patient] Yes, that's right. I take it every day.

[doctor] How have you been managing with it? Any side effects or complications?

[patient] No side effects at all. It's been working well for me.

[doctor] That's great to hear. It's important to keep your blood pressure under control. Have you been monitoring your blood pressure at home?

[patient] Yes, I check it regularly. It's usually in the normal range.

[doctor] Excellent. Keep up with that routine. Have you been maintaining a healthy lifestyle, including your exercise routine and balanced diet?

[patient] Yes, I stay active and try to eat well.

[doctor] That's fantastic. Just a reminder, reducing sodium intake can also help manage your blood pressure. 

[patient] I'll keep that in mind.

[doctor] Now, let's get your flu shot done. It's important, especially for older adults and those with chronic conditions like hypertension. 

[patient] Absolutely, I'm ready for it.

[doctor] [administers flu shot] There we go, all done. You did great.

[patient] Thanks. That was quick.

[doctor] Remember to get your flu shot annually. Do you have any questions or concerns?

[patient] No, I think I'm all set. 

[doctor] Alright then. We'll schedule your next appointment for a follow-up in 6 months. If you have any issues with your blood pressure or anything else in the meantime, don't hesitate to contact us.

[patient] Will do. Thank you, doctor.

[doctor] You're welcome, James. Take care and see you in 6 months.

[patient] Thanks, you too. Goodbye.

[doctor] Goodbye.
```"|"```
[doctor] Hi James, good to see you today. I see you're here for your annual preventive health screening and your seasonal flu shot.

[patient] Yes, that's right. I try to stay on top of these things.

[doctor] Great to hear. So, how have you been feeling lately? Any recent illnesses or complaints?

[patient] No, I've been feeling pretty good. No issues to report.

[doctor] That's excellent. Let's go through a quick review of your systems just to make sure everything is in order. Have you experienced any chest pain, palpitations, or shortness of breath?

[patient] No, none of those.

[doctor] Any cough, wheezing, or difficulty breathing?

[patient] No, my lungs feel fine.

[doctor] Good. How about your digestive system? Any abdominal pain, nausea, or changes in bowel habits?

[patient] No, none of that either.

[doctor] Great. Any issues with urination, like pain or blood in the urine?

[patient] No, everything's normal there.

[doctor] How about your joints and muscles? Any joint pain or muscle weakness?

[patient] No, I feel strong.

[doctor] Excellent. Any headaches, dizziness, or changes in vision or hearing?

[patient] No, none of those symptoms.

[doctor] How's your mood? Any feelings of anxiety or depression?

[patient] I feel well, no anxiety or depression.

[doctor] Good to hear. Any excessive thirst, frequent urination, or unexplained weight changes?

[patient] No, none of that.

[doctor] Any issues with easy bruising or bleeding?

[patient] No, I don't bruise easily or bleed excessively.

[doctor] And you don't have any known drug allergies, correct?

[patient] That's correct, no known allergies.

[doctor] Alright, everything sounds good. Now, let's talk about your hypertension. You're currently taking Lisinopril 10 mg once daily, correct?

[patient] Yes, that's right. I take it every day.

[doctor] How have you been managing with it? Any side effects or complications?

[patient] No side effects at all. It's been working well for me.

[doctor] That's great to hear. It's important to keep your blood pressure under control. Have you been monitoring your blood pressure at home?

[patient] Yes, I check it regularly. It's usually in the normal range.

[doctor] Excellent. Keep up with that routine. Have you been maintaining a healthy lifestyle, including your exercise routine and balanced diet?

[patient] Yes, I stay active and try to eat well.

[doctor] That's fantastic. Just a reminder, reducing sodium intake can also help manage your blood pressure.

[patient] I'll keep that in mind.

[doctor] Now, let's get your flu shot done. It's important, especially for older adults and those with chronic conditions like hypertension.

[patient] Absolutely, I'm ready for it.

[doctor] [administers flu shot] There we go, all done. You did great.

[patient] Thanks. That was quick.

[doctor] Remember to get your flu shot annually. Do you have any questions or concerns?

[patient] No, I think I'm all set.

[doctor] Alright then. We'll schedule your next appointment for a follow-up in 6 months. If you have any issues with your blood pressure or anything else in the meantime, don't hesitate to contact us.

[patient] Will do. Thank you, doctor.

[doctor] You're welcome, James. Take care and see you in 6 months.

[patient] Thanks, you too. Goodbye.

[doctor] Goodbye.
```"
ENCOUNTER FOR IMMUNIZATION|"**ROLE: Family Medicine Physician**

**Demographic Information:**
- Age: 4 years old
- Gender: Female
- Ethnicity: Caucasian
- Socio-economic Status: Middle-class
- Education Level: N/A (Preschooler)
- Health Literacy: N/A
- Job Status: N/A

**Clinical Setting:**
- Private Practice

**Type of Encounter:**
- Preventive Health Screening

**Medical History:**
- Previous Diagnoses: Asthma
- Family Medical History: No notable hereditary illnesses
- Medication History: Albuterol inhaler as needed
- Allergies: None

**Symptom Description:** 
- NA (Routine immunization visit)

**Patient’s self-reported habits and lifestyle:**
- Sleep: 10 hours a night
- Diet: Balanced diet with fruits, vegetables, and whole grains
- Exercise: Active, plays outdoors daily
- Tobacco Use: None
- Alcohol Consumption: None
- Drug Use: None
- Recreational Activities: Enjoys playing with toys and peers in preschool

**Patient's Behavior:**
- The patient is cooperative but appears mildly anxious about the vaccination

**Geographical Location:**
- Urban
- Well-served by Transit

**Medical Outcome:**
- Immunization: Administered the scheduled DTaP, IPV, and MMR vaccines. 
  - Dose: Standard pediatric doses
  - Route: Intramuscular injection
  - Follow-up: Return in one year for the next routine check-up and immunization update

**Physical exams:**
- General examination: Normal findings, no acute distress observed

**Investigation/Test results:**
- NA

**Native or Non-Native English Speaking Patient:**
- Native English Speaking

**Treatment Disparities:**
- None"|"**1. Subjective:** 
- The patient, a 4-year-old Caucasian female, is here for her routine preventive health screening and immunization visit. She lives in an urban area, attends preschool, and has no issues with access to healthcare services. Her mother reports that she sleeps around 10 hours a night, maintains a balanced diet with fruits, vegetables, and whole grains, and is active with daily outdoor play. There are no concerns with tobacco, alcohol, or drug use. The patient enjoys recreational activities such as playing with toys and peers in preschool. There are no current complaints or symptoms aside from mild anxiety related to the upcoming vaccinations.

**2. Objective:**
- **Vital Signs:**
  - Temperature: 98.6°F (37°C)
  - Heart Rate: 90 bpm
  - Respiration Rate: 18 breaths/min
  - Blood Pressure: Not taken (standard protocol for age)
  - Oxygen Saturation: 98% on room air

- **Physical Examination:**
  - **General:**
    - Well-nourished and well-developed child, cooperative but mildly anxious.
  - **HEENT:**
    - Head: Normocephalic, atraumatic
    - Eyes: PERRLA (pupils equal, round, reactive to light and accommodation), no conjunctival injection
    - Ears: Tympanic membranes clear bilaterally
    - Nose: No nasal discharge
    - Throat: Oropharynx clear, no tonsillar enlargement
  - **Cardiovascular:**
    - Regular rate and rhythm, no murmurs, gallops, or rubs
  - **Respiratory:**
    - Lungs clear to auscultation bilaterally, no wheezing or rhonchi
  - **Abdomen:**
    - Soft, non-tender, no organomegaly
  - **Musculoskeletal:**
    - Full range of motion, no joint swelling or tenderness
  - **Skin:**
    - No rashes or lesions

- **Immunizations Administered:**
  - DTaP (Diphtheria, Tetanus, Pertussis)
  - IPV (Inactivated Poliovirus)
  - MMR (Measles, Mumps, Rubella)
  - All vaccines given via intramuscular injection, standard pediatric doses

**3. Assessment:**
- 4-year-old female with a history of asthma, currently well-managed on Albuterol inhaler as needed. No acute concerns today. Routine immunizations administered as per schedule.

**4. Plan:**
- **Immunizations:**
  - Administered DTaP, IPV, and MMR vaccines today.
  
- **Asthma Management:**
  - Continue current asthma management plan with Albuterol inhaler as needed.

- **Well-child Care:**
  - Continue balanced diet and active play.
  - Ensure appropriate sleep hygiene is maintained.

- **Patient Education:**
  - Discussed the importance of routine vaccinations and reviewed what to expect post-vaccination, including potential mild side effects such as soreness at the injection site, mild fever, and irritability.
  - Reassured the mother about the safety and efficacy of the vaccines.

- **Follow-Up:**
  - Return in one year for next routine check-up and immunization update. Parents advised to reach out if any concerns arise before the next visit, especially if the child exhibits any signs of severe allergic reaction post-vaccination, such as difficulty breathing or hives.
  
Patient's mother verbalized understanding and agreed with the plan."|"**1. Subjective:** 
- The patient, a 4-year-old Caucasian female named Emily, is here for her routine preventive health screening and immunization visit. She lives in an urban area, attends preschool, and has no issues with access to healthcare services. Her mother reports that she sleeps around 10 hours a night, maintains a balanced diet with fruits, vegetables, and whole grains, and is active with daily outdoor play. There are no concerns with tobacco, alcohol, or drug use. The patient enjoys recreational activities such as playing with toys and peers in preschool. There are no current complaints or symptoms aside from mild anxiety related to the upcoming vaccinations.

**2. Objective:**
- **Vital Signs:**
  - Temperature: 98.6°F (37°C)
  - Heart Rate: 90 bpm
  - Respiration Rate: 18 breaths/min
  - Blood Pressure: Not taken (standard protocol for age)
  - Oxygen Saturation: 98% on room air

- **Physical Examination:**
  - **General:**
    - Well-nourished and well-developed child, cooperative but mildly anxious.
  - **HEENT:**
    - Head: Normocephalic, atraumatic
    - Eyes: PERRLA (pupils equal, round, reactive to light and accommodation), no conjunctival injection
    - Ears: Tympanic membranes clear bilaterally
    - Nose: No nasal discharge
    - Throat: Oropharynx clear, no tonsillar enlargement
  - **Cardiovascular:**
    - Regular rate and rhythm, no murmurs, gallops, or rubs
  - **Respiratory:**
    - Lungs clear to auscultation bilaterally, no wheezing or rhonchi
  - **Abdomen:**
    - Soft, non-tender, no organomegaly
  - **Musculoskeletal:**
    - Full range of motion, no joint swelling or tenderness
  - **Skin:**
    - No rashes or lesions

- **Immunizations Administered:**
  - DTaP (Diphtheria, Tetanus, Pertussis)
  - IPV (Inactivated Poliovirus)
  - MMR (Measles, Mumps, Rubella)
  - All vaccines given via intramuscular injection, standard pediatric doses

**3. Assessment:**
- 4-year-old female with a history of asthma, currently well-managed on Albuterol inhaler as needed. No acute concerns today. Routine immunizations administered as per schedule.

**4. Plan:**
- **Immunizations:**
  - Administered DTaP, IPV, and MMR vaccines today.
  
- **Asthma Management:**
  - Continue current asthma management plan with Albuterol inhaler as needed.

- **Well-child Care:**
  - Continue balanced diet and active play.
  - Ensure appropriate sleep hygiene is maintained.

- **Patient Education:**
  - Discussed the importance of routine vaccinations and reviewed what to expect post-vaccination, including potential mild side effects such as soreness at the injection site, mild fever, and irritability.
  - Reassured the mother about the safety and efficacy of the vaccines.

- **Follow-Up:**
  - Return in one year for next routine check-up and immunization update. Parents advised to reach out if any concerns arise before the next visit, especially if the child exhibits any signs of severe allergic reaction post-vaccination, such as difficulty breathing or hives.
  
Patient's mother verbalized understanding and agreed with the plan."|Family Medicine Physician**|"[doctor] Hi there! How are you today?

[patient's mother] Hi, we're doing well, thank you. My daughter is here for her routine health screening and immunizations.

[doctor] Wonderful. How have things been going for her lately?

[patient's mother] She's been doing great. No major issues. She sleeps around 10 hours a night, eats a balanced diet with fruits, vegetables, and whole grains, and plays outside every day.

[doctor] That's excellent to hear. How is she doing with preschool?

[patient's mother] She enjoys it a lot. She loves playing with her toys and peers.

[doctor] That's fantastic. Any concerns about tobacco, alcohol, or drug use in the household?

[patient's mother] None at all.

[doctor] Great. Any current complaints or symptoms?

[patient's mother] No, she's been healthy. She just has a bit of anxiety about the upcoming vaccinations.

[doctor] That's very common. We'll do our best to make it as smooth as possible for her. Let's check her vital signs first. Her temperature is 98.6°F (37°C), heart rate is 90 bpm, respiration rate is 18 breaths per minute, and her oxygen saturation is 98% on room air.

[patient's mother] Those numbers sound good to me.

[doctor] Yes, they're all normal. Let's proceed with the physical examination. Hi, sweetie! I'm just going to take a look at you, okay?

[patient] Okay.

[doctor] You are doing great! Let’s start with your head. [examining] Everything looks normal there. Your eyes are perfect too, pupils equal, round, and reactive to light and accommodation, no redness. Let’s check your ears. [examining] Tympanic membranes are clear bilaterally. Your nose looks good, no discharge, and your throat is clear with no tonsillar enlargement.

[patient] Okay.

[doctor] [examining heart and lungs] Your heart has a regular rate and rhythm, no murmurs, and your lungs are clear. 

[patient's mother] That's good to hear.

[doctor] Yes, all good. [examining abdomen] Your tummy is soft and not tender, no organ enlargement. [examining joints] You have full range of motion, no joint swelling or tenderness. And your skin looks perfect, no rashes or lesions.

[patient's mother] That's a relief.

[doctor] Everything looks excellent. Now, I understand she has a history of asthma. How's that been managed?

[patient's mother] It's been well-managed with the Albuterol inhaler as needed.

[doctor] Good to hear. We'll continue with that plan. Now, it's time for the vaccinations. We'll be giving her the DTaP, IPV, and MMR vaccines today. These will be given via intramuscular injection.

[patient's mother] Okay, she's a bit nervous.

[doctor] We'll be as gentle as possible. [administering vaccines] There we go, all done. You did amazing!

[patient] Ouch.

[doctor] I know, it stings a bit, but it's all over now. 

[patient's mother] Thank you for being so gentle.

[doctor] You're welcome. Let's talk about what to expect after the vaccinations. She might have some soreness at the injection sites, a mild fever, or a bit of irritability. These are all normal and should go away in a day or two.

[patient's mother] Okay, I’ll keep an eye on her.

[doctor] If she shows any signs of a severe allergic reaction, like difficulty breathing or hives, contact us immediately.

[patient's mother] Understood.

[doctor] Continue with her balanced diet and active play. Make sure she maintains her sleep routine.

[patient's mother] Will do.

[doctor] We’ll see you again in one year for her next routine check-up and immunizations. If any concerns come up before then, don’t hesitate to reach out.

[patient's mother] Thank you, doctor.

[doctor] You're welcome. Take care and have a great day!"|"[doctor] Hi there! How are you today?

[patient's mother] Hi, we're doing well, thank you. My daughter is here for her routine health screening and immunizations.

[doctor] Wonderful. How have things been going for her lately?

[patient's mother] She's been doing great. No major issues. She sleeps around 10 hours a night, eats a balanced diet with fruits, vegetables, and whole grains, and plays outside every day.

[doctor] That's excellent to hear. How is she doing with preschool?

[patient's mother] She enjoys it a lot. She loves playing with her toys and peers.

[doctor] That's fantastic. Any concerns about tobacco, alcohol, or drug use in the household?

[patient's mother] None at all.

[doctor] Great. Any current complaints or symptoms?

[patient's mother] No, she's been healthy. She just has a bit of anxiety about the upcoming vaccinations.

[doctor] That's very common. We'll do our best to make it as smooth as possible for her. Let's check her vital signs first. Her temperature is 98.6°F (37°C), heart rate is 90 bpm, respiration rate is 18 breaths per minute, and her oxygen saturation is 98% on room air.

[patient's mother] Those numbers sound good to me.

[doctor] Yes, they're all normal. Let's proceed with the physical examination. Hi, sweetie! I'm just going to take a look at you, okay?

[patient] Okay.

[doctor] You are doing great! Let’s start with your head. [examining] Everything looks normal there. Your eyes are perfect too, pupils equal, round, and reactive to light and accommodation, no redness. Let’s check your ears. [examining] Tympanic membranes are clear bilaterally. Your nose looks good, no discharge, and your throat is clear with no tonsillar enlargement.

[patient] Okay.

[doctor] [examining heart and lungs] Your heart has a regular rate and rhythm, no murmurs, and your lungs are clear. 

[patient's mother] That's good to hear.

[doctor] Yes, all good. [examining abdomen] Your tummy is soft and not tender, no organ enlargement. [examining joints] You have full range of motion, no joint swelling or tenderness. And your skin looks perfect, no rashes or lesions.

[patient's mother] That's a relief.

[doctor] Everything looks excellent. Now, I understand she has a history of asthma. How's that been managed?

[patient's mother] It's been well-managed with the Albuterol inhaler as needed.

[doctor] Good to hear. We'll continue with that plan. Now, it's time for the vaccinations. We'll be giving her the DTaP, IPV, and MMR vaccines today. These will be given via intramuscular injection.

[patient's mother] Okay, she's a bit nervous.

[doctor] We'll be as gentle as possible. [administering vaccines] There we go, all done. You did amazing!

[patient] Ouch.

[doctor] I know, it stings a bit, but it's all over now. 

[patient's mother] Thank you for being so gentle.

[doctor] You're welcome. Let's talk about what to expect after the vaccinations. She might have some soreness at the injection sites, a mild fever, or a bit of irritability. These are all normal and should go away in a day or two.

[patient's mother] Okay, I’ll keep an eye on her.

[doctor] If she shows any signs of a severe allergic reaction, like difficulty breathing or hives, contact us immediately.

[patient's mother] Understood.

[doctor] Continue with her balanced diet and active play. Make sure she maintains her sleep routine.

[patient's mother] Will do.

[doctor] We’ll see you again in one year for her next routine check-up and immunizations. If any concerns come up before then, don’t hesitate to reach out.

[patient's mother] Thank you, doctor.

[doctor] You're welcome. Take care and have a great day!"
ENCOUNTER FOR IMMUNIZATION|"ROLE: Family Medicine Physician

1) Medical Outcome: 
   - Immunization provided today: Influenza vaccine, 0.5 mL, intramuscular injection.
   - Follow-up recommendations: Annual influenza vaccination.
   - Referral: None.

2) Medical History:
   - Previous Diagnoses: NA.
   - Family Medical History: No significant family history of medical conditions.
   - Medication History: No chronic medications.
   - Allergies: No known drug allergies.
   - Chronic Conditions: None.

3) Symptom Description:
   - Severity: NA.
   - Duration: NA.
   - Associated Symptoms: NA.
   - Frequency: NA.
   - Impact on Daily Activities: NA.

4) Patient’s self-reported habits and lifestyle:
   - Sleep: 7-8 hours per night.
   - Diet: Balanced diet.
   - Exercise: Exercises 3 times per week.
   - Tobacco Use: None.
   - Alcohol Consumption: Occasional.
   - Drug Use: None.
   - Recreational Activities: Enjoys hiking and reading.

5) Demographic Information:
   - Age: 45
   - Gender: Female
   - Ethnicity: Hispanic
   - Socio-economic Status: Middle class
   - Education Level: College graduate
   - Health Literacy: High
   - Job Status: Full-time accountant

6) Patient's Behavior:
   - Highly cooperative with medical advice.

7) Geographical Location:
   - Big City
   - Urban
   - Well-served by transit, not in a food desert

8) Clinical Setting:
   - Community Health Services

9) Type of Encounter:
   - Preventive Health Screening (Immunization)

10) Treatment Disparities:
    - None.

11) Native or Non-Native English Speaking Patient:
    - Native English Speaker

12) Physical exams:
    - NA.

13) Investigation/Test results:
    - NA."|Rejected|Rejected|Rejected||
