Disease Description|Scenario|Note|Polished Note|Abbreviated Note|Role
ENCOUNTER FOR IMMUNIZATION|"ROLE: Family Medicine Physician

* Medical Outcome: 
    - Diagnosis: Encounter for immunization
    - Prescribed treatment: Influenza vaccine, COVID-19 vaccine booster
    - Follow-up recommendations: Schedule follow-up appointment in 6 months for further evaluation and potential additional vaccinations
    - Referral to specialists: None
    - Referral to further tests or imaging: None
    - Medication adjustment: None
    - Lifestyle change: Encouraged to maintain a healthy diet and regular exercise routine
* Medical History: 
    - Previous Diagnoses: None
    - Family Medical History: No significant illnesses
    - Medication History: Up-to-date on all recommended vaccinations
    - Allergies: None
    - Chronic Conditions: None
* Symptom Description: 
    - Severity: Asymptomatic
    - Duration: N/A
    - Associated Symptoms: None
    - Frequency: N/A
    - Impact on Daily Activities: None
* Patient’s self-reported habits and lifestyle: 
    - Sleep: 7-8 hours per night
    - Diet: Balanced diet with regular exercise
    - Exercise: Regular physical activity, 30 minutes, 3 times a week
    - Tobacco Use: Non-smoker
    - Alcohol Consumption: Social drinker, less than 1 unit per week
* Demographic Information: 
    - Age: 30
    - Gender: Female
    - Ethnicity: Caucasian
    - Socio-economic Status: Middle class
    - Education Level: College graduate
    - Health Literacy: High
    - Job Status: Employed full-time
* Patient's Behavior: Cooperative with medical advice
* Geographical Location: Urban area, affluent neighborhood
* Clinical Setting: Private practice
* Type of Encounter: Routine check-up
* Treatment Disparities: None
* Native or Non-Native English Speaking Patient: Native English speaker
* Physical exams: None
* Investigation/Test results: None, but influenza and COVID-19 vaccination titers will be checked post-vaccination to confirm immunity."|"**1. Subjective:**

Since the result of rolling a dice is not provided, I will assume an odd result to break this part down into several sub-parts.

* **Chief Complaint (CC):** None, as this is a routine check-up visit.
* **History of Present Illness (HPI):** The patient is asymptomatic and has no current complaints.
* **Review of Systems (ROS):** The patient reports no systemic symptoms, such as fever, fatigue, or weight loss.
* **Social History:** The patient is a non-smoker and a social drinker, consuming less than 1 unit of alcohol per week. She exercises regularly, with 30 minutes of physical activity, 3 times a week, and maintains a balanced diet.
* **Family History:** There is no significant family history of illnesses.

**2. Objective:**

* **Vital Signs:** Not explicitly mentioned, but it can be assumed that the patient's vital signs are within normal limits, given the asymptomatic status and lack of any chronic conditions.
* **Physical Examination:** None were performed during this visit, as it was a routine check-up focused on vaccinations.
* **Investigation/Test Results:** Influenza and COVID-19 vaccination titers will be checked post-vaccination to confirm immunity.

**3. Assessment:**

* **Diagnosis:** Encounter for immunization.
* **Evaluation:** The patient is due for her influenza vaccine and COVID-19 vaccine booster. Given her asymptomatic status, healthy lifestyle, and up-to-date vaccination history, she is considered low risk for most conditions.

**4. Plan:**

* **Treatment:** Administer influenza vaccine and COVID-19 vaccine booster as recommended.
* **Follow-up:** Schedule a follow-up appointment in 6 months for further evaluation and potential additional vaccinations.
* **Lifestyle Advice:** Encouraged to maintain a healthy diet and regular exercise routine.
* **Referrals:** None to specialists or for further tests/imaging at this time.
* **Medication Adjustments:** None, as the patient is not on any long-term medications.
* **Patient Education:** The importance of maintaining vaccination schedules and healthy lifestyle choices was discussed."|"**1. Subjective:**
The patient, Emily Wilson, is asymptomatic and has no current complaints. She reports no systemic symptoms, such as fever, fatigue, or weight loss. Emily is a non-smoker and a social drinker, consuming less than 1 unit of alcohol per week. She exercises regularly, with 30 minutes of physical activity, 3 times a week, and maintains a balanced diet. There is no significant family history of illnesses.

         **2. Objective:**
Vital Signs: Not explicitly mentioned, but it can be assumed that the patient's vital signs are within normal limits, given the asymptomatic status and lack of any chronic conditions. 
Physical Examination: None were performed during this visit, as it was a routine check-up focused on vaccinations. 
Investigation/Test Results: Influenza and COVID-19 vaccination titers will be checked post-vaccination to confirm immunity.

         **3. Assessment:**
Diagnosis: Encounter for immunization.
Evaluation: The patient is due for her influenza vaccine and COVID-19 vaccine booster. Given her asymptomatic status, healthy lifestyle, and up-to-date vaccination history, she is considered low risk for most conditions.

         **4. Plan:**
Treatment: Administer influenza vaccine and COVID-19 vaccine booster as recommended.
Follow-up: Schedule a follow-up appointment in 6 months for further evaluation and potential additional vaccinations.
Lifestyle Advice: Encouraged to maintain a healthy diet and regular exercise routine.
Referrals: None to specialists or for further tests/imaging at this time.
Medication Adjustments: None, as the patient is not on any long-term medications.
Patient Education: The importance of maintaining vaccination schedules and healthy lifestyle choices was discussed."|ablation|Family Medicine Physician
ENCOUNTER FOR IMMUNIZATION|"ROLE: Family Medicine Physician

1. Medical Outcome: 
    - Diagnosis: Encounter for immunization
    - Prescribed treatment: Influenza vaccine, COVID-19 vaccine booster
    - Follow-up recommendations: Schedule follow-up appointment in 6 months for further evaluation and potential additional vaccinations
    - Referral to specialists: None
    - Referral to further tests or imaging: None
    - Medication adjustment: None
    - Lifestyle change: Encouraged to maintain a healthy diet and regular exercise

2. Medical History: 
    - Previous Diagnoses: Hypertension
    - Family Medical History: Family history of diabetes
    - Medication History: Currently taking atenolol for hypertension
    - Allergies: Allergic to penicillin
    - Chronic Conditions: Hypertension

3. Symptom Description: 
    - Severity: None
    - Duration: N/A
    - Associated Symptoms: None
    - Frequency: N/A
    - Impact on Daily Activities: None

4. Patient’s self-reported habits and lifestyle: 
    - Sleep: 7 hours per night
    - Diet: Balanced with regular consumption of fruits and vegetables
    - Exercise: Regular walking for 30 minutes, 5 times a week
    - Tobacco Use: None
    - Alcohol Consumption: Occasional social drinking
    - Drug Use: None
    - Recreational Activities: Reading and gardening

5. Demographic Information: 
    - Age: 55
    - Gender: Male
    - Ethnicity: Caucasian
    - Socio-economic Status: Middle class
    - Education Level: College graduate
    - Health Literacy: Good understanding of health information
    - Job Status: Employed full-time

6. Patient's Behavior: 
    - Cooperative with medical advice

7. Geographical Location: 
    - Big City
    - Urban
    - Moderate pollution levels
    - Affluent neighborhood
    - Well-served by public transit

8. Clinical Setting: 
    - Primary care clinic

9. Type of Encounter: 
    - Routine check-up for immunization

10. Treatment Disparities: 
    - None identified

11. Native or Non-Native English Speaking Patient: 
    - Native English speaker

12. Physical exams: 
    - Vital signs within normal limits
    - No abnormalities found on physical examination

13. Investigation/Test results: 
    - None requested for this encounter"|"## Step 1: Determine the format of the medical note
The medical note should be in the format of: 
1. Subjective: This section includes the patient's own description of their symptoms and complaints.
2. Objective: This section includes observations and data gathered by the physician, such as vital signs, physical examination findings, and test results.
3. Assessment: This section includes the physician's evaluation of the patient's condition, including a diagnosis or differential diagnosis.
4. Plan: This section includes the physician's recommendations for treatment, management, and follow-up.


## Step 2: Break down the subjective section
Since the result of rolling a dice is not provided, and for the sake of thoroughness, let's assume an odd result to break down the subjective section into several sub-parts like Chief Complaint (CC), History of Present Illness (HPI), Review of Systems (ROS).

- Chief Complaint (CC): The patient is here for a routine check-up for immunization.
- History of Present Illness (HPI): The patient reports no current symptoms but has a history of hypertension and is taking atenolol.
- Review of Systems (ROS): 
  - Constitutional: No fever or weight changes reported.
  - Eyes: No vision changes reported.
  - Cardiovascular: No chest pain or shortness of breath reported.
  - Neurological: No headaches, dizziness, or weakness reported.
  - Other systems: No symptoms reported.


## Step 3: Compile the objective section
- Vital signs are within normal limits.
- Physical examination reveals no abnormalities.
- The patient is allergic to penicillin.


## Step 4: Formulate the assessment section
The patient is a 55-year-old male with a history of hypertension, currently taking atenolol, and has come in for a routine immunization check-up. He has no current complaints or symptoms.


## Step 5: Create the plan section
- The patient received the influenza vaccine and a COVID-19 vaccine booster.
- Scheduled a follow-up appointment in 6 months for further evaluation and potential additional vaccinations.
- Encouraged to maintain a healthy diet and regular exercise.
- Continue taking atenolol as prescribed for hypertension.


The final answer is: 

1. **Subjective:**
   - **Chief Complaint (CC):** Routine check-up for immunization.
   - **History of Present Illness (HPI):** No current symptoms, history of hypertension, taking atenolol.
   - **Review of Systems (ROS):** 
     - Constitutional: Denies fever or weight changes.
     - Eyes: Denies vision changes.
     - Cardiovascular: Denies chest pain or shortness of breath.
     - Neurological: Denies headaches, dizziness, or weakness.
     - Other systems: No symptoms reported.

2. **Objective:**
   - Vital signs are within normal limits.
   - Physical examination reveals no abnormalities.
   - Allergic to penicillin.

3. **Assessment:**
   - Evaluation: The patient is a 55-year-old male with a history of hypertension, currently taking atenolol, and no current complaints or symptoms.

4. **Plan:**
   - Received influenza vaccine and COVID-19 vaccine booster.
   - Follow-up appointment in 6 months.
   - Maintain a healthy diet and regular exercise.
   - Continue taking atenolol as prescribed."|"1. **Subjective:**
   - **Chief Complaint (CC):** Routine check-up for immunization.
   - **History of Present Illness (HPI):** No current symptoms, history of hypertension, taking atenolol.
   - **Review of Systems (ROS):** 
     - Constitutional: Denies fever or weight changes.
     - Eyes: Denies vision changes.
     - Cardiovascular: Denies chest pain or shortness of breath.
     - Neurological: Denies headaches, dizziness, or weakness.
     - Other systems: No symptoms reported.

2. **Objective:**
   - Vital signs are within normal limits.
   - Physical examination reveals no abnormalities.
   - Allergic to penicillin.

3. **Assessment:**
   - Evaluation: The patient is a 55-year-old male with a history of hypertension, currently taking atenolol, and no current complaints or symptoms.

4. **Plan:**
   - Received influenza vaccine and COVID-19 vaccine booster.
   - Follow-up appointment in 6 months.
   - Maintain a healthy diet and regular exercise.
   - Continue taking atenolol as prescribed."|ablation|Family Medicine Physician
ENCOUNTER FOR IMMUNIZATION|"ROLE: Pediatrician 
1. Medical Outcome: 
    - Diagnosis: Encounter for immunization (Z23) 
    - Treatment: Administer Hib vaccine, 0.5 mL, IM, once 
    - Follow-up: Schedule follow-up appointment in 2 months for next series of vaccinations 
    - Referral: To a nutritionist for guidance on introducing solid foods to the infant 
2. Medical History: 
    - Previous Diagnoses: None 
    - Family Medical History: Mother has a history of allergy to penicillin 
    - Medication History: None 
    - Allergies: None 
    - Chronic Conditions: None 
3. Symptom Description: 
    - Severity: N/A 
    - Duration: N/A 
    - Associated Symptoms: N/A 
    - Frequency: N/A 
    - Impact on Daily Activities: N/A 
4. Patient’s self-reported habits and lifestyle: 
    - Sleep: Infants sleep 16 hours a day 
    - Diet: Exclusively breastfed 
    - Exercise: N/A 
    - Tobacco Use: Mother does not use tobacco 
    - Alcohol Consumption: Mother consumes alcohol occasionally 
5. Demographic Information: 
    - Age: 2 months 
    - Gender: Female 
    - Ethnicity: Caucasian 
    - Socio-economic Status: Middle class 
    - Education Level: Mother has a college degree 
    - Health Literacy: Mother has good understanding of health information 
    - Job Status: Mother is a stay-at-home parent 
6. Patient's Behavior: 
    - Cooperation with medical advice: Mother is very cooperative 
7. Geographical Location: 
    - Urban vs Rural: Urban 
    - Pollution and Environmental Health Risks: Low 
    - Neighborhood Type: Affluent 
8. Clinical Setting: 
    - Pediatric clinic 
9. Type of Encounter: 
    - Routine Check-up 
10. Treatment Disparities: 
    - None 
11. Native or Non-Native English Speaking Patient: 
    - Native English speaker 
12. Physical exams: 
    - Vitals: 
        - Weight: 4.5 kg 
        - Height: 55 cm 
        - Head Circumference: 40 cm 
    - Examination of the infant revealed no abnormalities 
13. Investigation/Test results: 
    - None ordered for this visit"|"## Step 1: Subjective
The patient is a 2-month-old female infant presenting for a routine check-up and immunization. The mother reports that the infant has been exclusively breastfed and sleeps for 16 hours a day. The mother denies any symptoms or concerns regarding the infant's health. The mother has a history of allergy to penicillin but does not have any other medical conditions. The infant has no known allergies or chronic conditions.


## Step 2: Objective
Vital signs:
- Weight: 4.5 kg
- Height: 55 cm
- Head Circumference: 40 cm
Physical examination of the infant revealed no abnormalities.


## Step 3: Assessment
The infant is healthy and developing normally. The diagnosis for this encounter is an encounter for immunization (Z23).


## Step 4: Plan
The plan for this patient includes administering the Hib vaccine, 0.5 mL, IM, once. The mother is advised to schedule a follow-up appointment in 2 months for the next series of vaccinations. Additionally, the mother is referred to a nutritionist for guidance on introducing solid foods to the infant.


The final answer is: 
1. Subjective: 
The patient is a 2-month-old female infant presenting for a routine check-up and immunization. The mother reports that the infant has been exclusively breastfed and sleeps for 16 hours a day. The mother denies any symptoms or concerns regarding the infant's health. The mother has a history of allergy to penicillin but does not have any other medical conditions. The infant has no known allergies or chronic conditions.

2. Objective: 
Vital signs: 
- Weight: 4.5 kg
- Height: 55 cm
- Head Circumference: 40 cm
Physical examination of the infant revealed no abnormalities.

3. Assessment: 
The infant is healthy and developing normally. The diagnosis for this encounter is an encounter for immunization (Z23).

4. Plan: 
The plan for this patient includes administering the Hib vaccine, 0.5 mL, IM, once. The mother is advised to schedule a follow-up appointment in 2 months for the next series of vaccinations. Additionally, the mother is referred to a nutritionist for guidance on introducing solid foods to the infant."|"1. Subjective: 
The patient, Emily, is a 2-month-old female infant presenting for a routine check-up and immunization. The mother reports that the infant has been exclusively breastfed and sleeps for 16 hours a day. The mother denies any symptoms or concerns regarding the infant's health. The mother has a history of allergy to penicillin but does not have any other medical conditions. The infant has no known allergies or chronic conditions.

2. Objective: 
Vital signs: 
- Weight: 4.5 kg
- Height: 55 cm
- Head Circumference: 40 cm
Physical examination of the infant revealed no abnormalities.

3. Assessment: 
The infant is healthy and developing normally. The diagnosis for this encounter is an encounter for immunization (Z23).

4. Plan: 
The plan for this patient includes administering the Hib vaccine, 0.5 mL, IM, once. The mother is advised to schedule a follow-up appointment in 2 months for the next series of vaccinations. Additionally, the mother is referred to Dr. Rachel Kim, a pediatric nutritionist, for guidance on introducing solid foods to the infant, as the infant is approaching the age where solid foods should be introduced to supplement breastfeeding."|ablation|Pediatrician 
ENCOUNTER FOR IMMUNIZATION|"ROLE: General Physician 

1. Medical Outcome: 
    - Diagnosis: Encounter for immunization 
    - Prescribed treatment: Influenza vaccine
    - Follow-up recommendations: Return to the clinic in 6 months for a follow-up on the vaccination and to receive a booster shot if necessary
    - Referral to specialists: No referral needed
    - Referral to further tests or imaging: No further tests or imaging needed
    - Medication adjustment: No adjustment needed
    - Lifestyle change: Patient is advised to maintain a healthy diet, stay hydrated, and exercise regularly to help the immune system

2. Medical History: 
    - Previous Diagnoses: Patient has a history of diabetes and hypertension
    - Family Medical History: Patient's mother had a history of breast cancer
    - Medication History: Patient is currently taking metformin for diabetes and atenolol for hypertension
    - Allergies: Patient is allergic to penicillin
    - Chronic Conditions: Patient has diabetes and hypertension

3. Symptom Description: 
    - Severity: No symptoms
    - Duration: N/A
    - Associated Symptoms: N/A
    - Frequency: N/A
    - Impact on Daily Activities: No impact

4. Patient’s self-reported habits and lifestyle: 
    - Sleep: Patient sleeps 7-8 hours a night
    - Diet: Patient follows a balanced diet
    - Exercise: Patient exercises 3 times a week
    - Tobacco Use: Patient does not smoke
    - Alcohol Consumption: Patient drinks 1-2 glasses of wine per week

5. Demographic Information: 
    - Age: 35
    - Gender: Male
    - Ethnicity: Caucasian
    - Socio-economic Status: Middle class
    - Education Level: College graduate
    - Health Literacy: High
    - Job Status: Employed full-time

6. Patient's Behavior: 
    - The patient is cooperative with medical advice

7. Geographical Location: 
    - Big City
    - Urban

8. Clinical Setting: 
    - Clinic

9. Type of Encounter: 
    - Routine Check-up

10. Treatment Disparities: 
    - No disparities noted

11. Native or Non-Native English Speaking Patient: 
    - Native English speaker

12. Physical exams: 
    - Vital signs: BP 120/80, HR 80, Temp 98.6
    - Examination of the injection site: No redness or swelling

13. Investigation/Test results: 
    - No tests or imaging needed for this encounter"|"To generate the medical note for this patient, we will follow the specified format.

**1. Subjective:**

Since the scenario provided does not specifically mention the need for a detailed breakdown of the subjective section based on the roll of a dice (and for simplicity, assuming an even roll), we will proceed with a general subjective overview.

The patient is a 35-year-old male who presents for a routine check-up and influenza vaccination. He has a history of diabetes and hypertension, for which he is currently taking metformin and atenolol, respectively. He reports no current symptoms and has no known allergies except to penicillin. The patient's lifestyle includes sleeping 7-8 hours a night, following a balanced diet, exercising three times a week, not smoking, and consuming 1-2 glasses of wine per week.

**2. Objective:**

- Vital signs: Blood Pressure 120/80 mmHg, Heart Rate 80 bpm, Temperature 98.6°F.
- Examination of the injection site: No redness or swelling observed.
- The patient's physical examination is otherwise unremarkable.

**3. Assessment:**

The patient is here for an encounter for immunization, specifically to receive the influenza vaccine. His medical history of diabetes and hypertension is noted, and he is currently stable on his medications. There are no new symptoms or concerns that require immediate attention.

**4. Plan:**

The patient has been administered the influenza vaccine as part of his routine check-up. He is advised to return to the clinic in 6 months for a follow-up on the vaccination and to receive a booster shot if necessary. The patient is also counseled on maintaining a healthy diet, staying hydrated, and exercising regularly to support his immune system. His current medications for diabetes and hypertension are to be continued as prescribed, with no adjustments at this time. The patient is cooperative with medical advice and has no questions or concerns at the time of the visit.

This plan is aimed at preventing influenza and managing his chronic conditions, with a focus on preventive care and lifestyle modifications to support his overall health and well-being."|"**1. Subjective:**
The patient, John Doe, is a 35-year-old male who presents for a routine check-up and influenza vaccination. He has a history of diabetes and hypertension, for which he is currently taking metformin and atenolol, respectively. He reports no current symptoms and has no known allergies except to penicillin. The patient's lifestyle includes sleeping 7-8 hours a night, following a balanced diet, exercising three times a week, not smoking, and consuming 1-2 glasses of wine per week.

**2. Objective:**
- Vital signs: Blood Pressure 120/80 mmHg, Heart Rate 80 bpm, Temperature 98.6°F.
- Examination of the injection site: No redness or swelling observed.
- The patient's physical examination is otherwise unremarkable.

**3. Assessment:**
The patient is here for an encounter for immunization, specifically to receive the influenza vaccine. His medical history of diabetes and hypertension is noted, and he is currently stable on his medications. There are no new symptoms or concerns that require immediate attention.

**4. Plan:**
The patient has been administered the influenza vaccine as part of his routine check-up. He is advised to return to the clinic in 6 months for a follow-up on the vaccination and to receive a booster shot if necessary. The patient is also counseled on maintaining a healthy diet, staying hydrated, and exercising regularly to support his immune system. His current medications for diabetes and hypertension are to be continued as prescribed, with no adjustments at this time. The patient is cooperative with medical advice and has no questions or concerns at the time of the visit."|ablation|General Physician 
ENCOUNTER FOR IMMUNIZATION|"ROLE: Family Medicine Physician

1. Medical Outcome: 
    - Diagnosis: Encounter for immunization (Z23)
    - Prescribed treatment: Influenza vaccine, COVID-19 booster shot
    - Follow-up recommendations: Follow-up appointment in 6 months for further evaluation and potential additional immunizations
    - Referral to specialists: Not required at this time
    - Referral to further tests or imaging: Not required at this time
    - Medication adjustment: Not applicable in this scenario
    - Lifestyle change: Encouraged to maintain a healthy diet, regular exercise, and adequate sleep
    - Medication details: 
        - Influenza vaccine: 1 dose, 0.5 mL, intramuscular, once
        - COVID-19 booster shot: 1 dose, 0.5 mL, intramuscular, once

2. Medical History: 
    - Previous Diagnoses: None
    - Family Medical History: No significant family history of immunization-related issues
    - Medication History: Up-to-date on all recommended immunizations
    - Allergies: No known allergies to vaccine components
    - Chronic Conditions: None

3. Symptom Description: 
    - Severity: Not applicable in this scenario
    - Duration: Not applicable in this scenario
    - Associated Symptoms: None
    - Frequency: Not applicable in this scenario
    - Impact on Daily Activities: None

4. Patient’s self-reported habits and lifestyle: 
    - Sleep: 7-8 hours per night
    - Diet: Balanced diet with plenty of fruits and vegetables
    - Exercise: Regular physical activity, at least 30 minutes per day
    - Tobacco Use: Non-smoker
    - Alcohol Consumption: Moderate alcohol consumption
    - Drug Use: None
    - Recreational Activities: Regularly practices yoga and meditation

5. Demographic Information: 
    - Age: 30
    - Gender: Female
    - Ethnicity: Caucasian
    - Socio-economic Status: Middle class
    - Education Level: College graduate
    - Health Literacy: Good understanding of health information
    - Job Status: Employed full-time

6. Patient's Behavior: 
    - The patient is cooperative and adheres to medical advice

7. Geographical Location: 
    - Big City vs Small City: Big city
    - Rural vs Urban: Urban
    - Pollution and Environmental Health Risks: Low risk
    - Neighborhood Type: Affluent neighborhood with good access to healthcare facilities and public transportation

8. Clinical Setting: 
    - Hospitals: Not applicable in this scenario
    - Clinics: Community health clinic
    - Telemedicine: Not used in this scenario
    - Community Health Services: Available
    - Urgent Care Centers: Not required in this scenario
    - Research Facilities: Not applicable in this scenario
    - School Health Services: Not applicable in this scenario
    - Private Practice: Not applicable in this scenario
    - Specialty Clinics: Not required in this scenario

9. Type of Encounter: 
    - Initial Consultation: No
    - Follow-up: Yes, for immunization
    - Emergency Visit: No
    - Routine Check-up: Yes
    - Chronic Disease Management: No
    - Preventive Health Screening: Yes

10. Treatment Disparities: 
    - None identified in this scenario

11. Native or Non-Native English Speaking Patient: 
    - Native English speaker

12. Physical exams: 
    - NA, not required for immunization encounter

13. Investigation/Test results: 
    - NA, not required for immunization encounter"|"## Step 1: Determine the sections of the medical note based on the given format and scenario.
The medical note should include sections for Subjective, Objective, Assessment, and Plan, as per the format provided. Given the scenario, the note will be focused on an encounter for immunization.

## Step 2: Generate the Subjective section of the medical note.
In this section, we include the patient's description of their symptoms and complaints, if any. However, since this is an immunization encounter, the patient is likely asymptomatic and seeking preventive care. Therefore, this section might be brief and focus on the patient's reason for the visit, which is to receive the influenza vaccine and COVID-19 booster shot.

## Step 3: Generate the Objective section of the medical note.
This section includes observations and data gathered by the physician, such as vital signs, physical examination findings, and test results. Since this is an immunization encounter, the focus will be on the administration of vaccines and any relevant medical history or physical examination findings that might be pertinent to the immunization process.

## Step 4: Generate the Assessment section of the medical note.
In this section, the physician evaluates the patient's condition and provides a diagnosis or differential diagnosis. For an immunization encounter, the assessment might discuss the patient's current health status as it relates to receiving vaccines and any potential risks or contraindications.

## Step 5: Generate the Plan section of the medical note.
This section includes the physician's recommendations for treatment, management, and follow-up. For an immunization encounter, the plan will detail the vaccines administered, instructions for follow-up care, and any additional preventive measures recommended.

## Step 6: Compile all sections into a comprehensive medical note.
Considering the details provided in the scenario, the note should reflect a routine immunization encounter with administration of the influenza vaccine and COVID-19 booster shot, along with relevant patient history and follow-up instructions.

The final answer is: 

**1. Subjective:**
The patient is a 30-year-old female presenting for routine immunization. She is asymptomatic and has no current complaints. She reports a history of being up-to-date on all recommended immunizations and denies any known allergies to vaccine components.

**2. Objective:**
- Vital signs are within normal limits.
- Medical history: No previous diagnoses or chronic conditions.
- Medications: None currently taking.
- Physical examination: Not required for this encounter.
- Test results: Not applicable.

**3. Assessment:**
Encounter for immunization (Z23). The patient is a healthy 30-year-old female with no contraindications to receiving the influenza vaccine or COVID-19 booster shot.

**4. Plan:**
- Administered influenza vaccine: 1 dose, 0.5 mL, intramuscular, once.
- Administered COVID-19 booster shot: 1 dose, 0.5 mL, intramuscular, once.
- Follow-up appointment in 6 months for further evaluation and potential additional immunizations.
- Encouraged to maintain a healthy diet, regular exercise, and adequate sleep.
- Instructed to report any adverse reactions to the vaccines."|"**1. Subjective:**
The patient is a 30-year-old female presenting for routine immunization. She is asymptomatic and has no current complaints. She reports a history of being up-to-date on all recommended immunizations and denies any known allergies to vaccine components.

**2. Objective:**
- Vital signs are within normal limits.
- Medical history: No previous diagnoses or chronic conditions.
- Medications: None currently taking.
- Physical examination: Not required for this encounter.
- Test results: Not applicable.

**3. Assessment:**
Encounter for immunization (Z23). The patient is a healthy 30-year-old female with no contraindications to receiving the influenza vaccine or COVID-19 booster shot.

**4. Plan:**
- Administered influenza vaccine: 1 dose, 0.5 mL, intramuscular, once.
- Administered COVID-19 booster shot: 1 dose, 0.5 mL, intramuscular, once.
- Follow-up appointment in 6 months for further evaluation and potential additional immunizations.
- Encouraged to maintain a healthy diet, regular exercise, and adequate sleep.
- Instructed to report any adverse reactions to the vaccines."|ablation|Family Medicine Physician
