Disease Description|Scenario|Note|Polished Note|Abbreviated Note|Role|dial|polished_dial
ENCOUNTER FOR SCREENING MAMMOGRAM FOR MALIGNANT NEOPLASM OF BREAST|"ROLE: Breast Surgeon

**Medical Outcome:**  
- Diagnosis: Abnormal mammogram findings suggestive of possible malignancy  
- Prescribed Treatment: Refer for further imaging and biopsy  
- Referral to Specialist: Referred to Dr. Laura Kim, Medical Oncologist  
- Imaging: Order mammogram-guided needle localization and whole-breast ultrasound  
- Lifestyle Change: Increase regular self-examinations and schedule routine screenings  

**Medical History:**  
- Previous Diagnoses: Hypothyroidism managed with levothyroxine  
- Family Medical History: Maternal grandmother diagnosed with breast cancer at age 55  
- Medication History: Levothyroxine 125 mcg daily  
- Allergies: Nuts  
- Chronic Conditions: Hypothyroidism, well-managed  

**Symptom Description:**  
- Severity: Mild discomfort in left breast  
- Duration: 1 week  
- Associated Symptoms: Tender to touch  
- Frequency: Occasional  
- Impact on Daily Activities: Minor discomfort, no significant impact  

**Patient’s Self-reported Habits and Lifestyle:**  
- Sleep: 7 hours per night  
- Diet: Vegetarian diet, occasional cheat meals  
- Exercise: Exercises regularly, goes to gym 4 times per week  
- Tobacco Use: Non-smoker  
- Alcohol Consumption: Drinks socially, 1 glass of wine per week  
- Drug Use: Denies recreational drug use  
- Recreational Activities: Running, hiking  

**Demographic Information:**  
- Age: 45 Years  
- Gender: Female  
- Ethnicity: Korean American  
- Socio-economic Status: Middle class  
- Education Level: Bachelor's Degree  
- Health Literacy: High  
- Job Status: Full-time employed  

**Patient's Behavior:**  
- Level of Cooperation with Medical Advice: Very cooperative, concerned about early detection  

**Geographical Location:**  
- Rural  
- Limited access to public transit  
- Drives 45 minutes to nearest healthcare facility  
- Low pollution levels  

**Clinical Setting:**  
- Rural Community Health Center  

**Type of Encounter:**  
- Urgent Visit Due to Concerning Symptom  

**Treatment Disparities:**  
- Addressed potential disparities by offering transportation assistance and financial aid  

**Native or Non-Native English Speaking Patient:**  
- Native English Speaker  

**Physical Exams:**  
- Findings: Left breast tender to palpation, no masses palpated  

**Investigation/Test Results:**  
- Awaiting results of mammogram and whole-breast ultrasound  

---

Given this is the first scenario and there are no previous approved scenarios to compare against, the scenario above is considered medically correct and plausible. Future scenarios should vary by at least 4 out of 13 variables to ensure uniqueness and diversity."|"**Subjective**
**Chief Complaint (CC):** Mild discomfort in the left breast for 1 week.

**History of Present Illness (HPI):** The patient is a 45-year-old female who presented with 1 week of mild discomfort in the left breast, described as tender to touch. The discomfort is occasional and has had minimal impact on her daily activities. No masses or lumps have been palpated at home. She has a history of hypothyroidism managed with levothyroxine and a family history of breast cancer, with her maternal grandmother diagnosed at age 55.

**Review of Systems (ROS):** The patient reports no other systemic symptoms aside from the breast discomfort. She denies any fever, chills, changes in bowel or bladder habits, weight changes, or night sweats.

**Objective**
- **Vital Signs:** Blood pressure 120/80 mmHg, heart rate 72 bpm, respiratory rate 16 breaths/min, temperature 98.6°F (37°C), oxygen saturation 98% on room air.

- **Physical Examination:**
  - General: Alert and oriented, in no apparent distress.
  - HEENT: Normocephalic, atraumatic.
  - Neck: Supple, no thyromegaly noted.
  - Cardiovascular: Regular rate and rhythm, no murmurs, rubs, or gallops.
  - Pulmonary: Clear to auscultation bilaterally.
  - Abdomen: Soft, nontender, nondistended; bowel sounds present.
  - Musculoskeletal: No tenderness or joint swelling observed.
  - Skin: No abnormalities noted.

- **Breast Exam:** Left breast is tender to palpation, no discrete masses detected; right breast without remarkable findings. Both breasts are symmetric.

- **Imaging:**
  - **Mammogram:** Abnormal findings suggestive of possible malignancy.
  - **Whole-Breast Ultrasound:** Pending.
  - **Additional imaging:** Mammogram-guided needle localization ordered.

**Assessment**
1. Abnormal mammogram findings suggestive of possible malignancy.
2. Hypothyroidism, managed with levothyroxine.
3. Family history of breast cancer (maternal).

**Plan**
1. **Referral:**
   - Refer the patient to Dr. Laura Kim, Medical Oncologist, for further evaluation and management.

2. **Imaging and Biopsy:**
   - Order mammogram-guided needle localization procedure to facilitate more precise biopsy.
   - Whole-breast ultrasound to be performed and reviewed by Dr. Kim.

3. **Follow-Up and Monitoring:**
   - Schedule follow-up appointments as recommended by Dr. Kim.
   - Advise patient to increase regular self-examinations and schedule routine screenings.
   - Ensure patient is aware of the importance of timely return of imaging and biopsy results.

4. **Medications:**
   - Continue levothyroxine at current dosage of 125 mcg daily.

5. **Lifestyle Recommendations:**
   - Maintain a vegetarian diet with occasional cheat meals.
   - Continue regular exercise (gym 4 times per week) and recreational activities like running and hiking.
   - Social drinking to remain limited (1 glass of wine per week).
   - Stress the importance of continued health monitoring.

6. **Transportation and Financial Support:**
   - Offer transportation assistance and discuss options for financial aid to address any barriers to medical care.

**Instructions for Patient:**
1. Attend all scheduled appointments with Dr. Laura Kim and our center for imaging procedures.
2. Perform regular self-examinations of the breasts and report any new or worsening symptoms immediately.
3. Continue taking levothyroxine as prescribed.
4. If you experience any significant changes in your condition or if you have questions, please contact our office promptly.
5. Ensure you follow the provided transportation assistance guidelines and financial support options to manage any logistical concerns."|"**Subjective**
**Chief Complaint (CC):** Mild discomfort in the left breast for 1 week.

**History of Present Illness (HPI):** Ms. Jane Doe, a 45-year-old female, presented with 1 week of mild discomfort in the left breast, described as tender to touch. The discomfort is occasional and has had minimal impact on her daily activities. No masses or lumps have been palpated at home. She has a history of hypothyroidism managed with levothyroxine and a family history of breast cancer, with her maternal grandmother diagnosed at age 55.

**Review of Systems (ROS):** The patient reports no other systemic symptoms aside from the breast discomfort. She denies any fever, chills, changes in bowel or bladder habits, weight changes, or night sweats.

**Objective**
- **Vital Signs:** Blood pressure 120/80 mmHg, heart rate 72 bpm, respiratory rate 16 breaths/min, temperature 98.6°F (37°C), oxygen saturation 98% on room air.

- **Physical Examination:**
  - General: Alert and oriented, in no apparent distress.
  - HEENT: Normocephalic, atraumatic.
  - Neck: Supple, no thyromegaly noted.
  - Cardiovascular: Regular rate and rhythm, no murmurs, rubs, or gallops.
  - Pulmonary: Clear to auscultation bilaterally.
  - Abdomen: Soft, nontender, nondistended; bowel sounds present.
  - Musculoskeletal: No tenderness or joint swelling observed.
  - Skin: No abnormalities noted.

- **Breast Exam:** Left breast is tender to palpation, no discrete masses detected; right breast without remarkable findings. Both breasts are symmetric.

- **Imaging:**
  - **Mammogram:** Abnormal findings suggestive of possible malignancy.

**Assessment**
1. Abnormal mammogram findings suggestive of possible malignancy.
2. Hypothyroidism, managed with levothyroxine.
3. Family history of breast cancer (maternal).

**Plan**
1. **Referral:**
   - Refer the patient to Dr. Laura Kim, Medical Oncologist, for further evaluation and management due to abnormal mammogram findings.

2. **Imaging and Biopsy:**
   - Order mammogram-guided needle localization procedure to facilitate more precise biopsy.
   - Whole-breast ultrasound to be performed and reviewed by Dr. Kim.

3. **Follow-Up and Monitoring:**
   - Schedule follow-up appointments as recommended by Dr. Kim.
   - Advise patient to increase regular self-examinations and schedule routine screenings.
   - Ensure patient is aware of the importance of timely return of imaging and biopsy results.

4. **Medications:**
   - Continue levothyroxine at current dosage of 125 mcg daily.

5. **Lifestyle Recommendations:**
   - Maintain a vegetarian diet with occasional cheat meals.
   - Continue regular exercise (gym 4 times per week) and recreational activities like running and hiking.
   - Social drinking to remain limited (1 glass of wine per week).
   - Stress the importance of continued health monitoring.

6. **Transportation and Financial Support:**
   - Offer transportation assistance and discuss options for financial aid to address any barriers to medical care."|ablation|Breast Surgeon|"Here is the conversation between the doctor and the patient:

Doctor: Hi, thanks for coming in today. Can you tell me a little bit about what brings you here?

Patient: Hi. Yeah, I've been having some mild discomfort in my left breast for about a week now. It's just been feeling a bit tender to the touch.

Doctor: I see. And have you noticed any other symptoms, like fever or changes in your bowel habits?

Patient: No, nothing like that. Just the tenderness in my breast.

Doctor: Okay. And can you tell me a bit about your medical history? Have you had any previous issues with your breasts or any other health problems?

Patient: Well, I do have hypothyroidism, and I'm on levothyroxine for that. And my maternal grandmother had breast cancer when she was 55.

Doctor: I see. And are you taking your levothyroxine as prescribed?

Patient: Yes, I am. I take 125 mcg every day.

Doctor: Okay. And have you noticed any changes in your breast since you started taking the levothyroxine?

Patient: No, I don't think so. Just this tenderness that started about a week ago.

Doctor: Alright. And can you tell me about your family history of breast cancer? You mentioned your maternal grandmother had it.

Patient: Yeah, that's right. She was diagnosed when she was 55.

Doctor: I see. And have you had any previous mammograms or breast exams?

Patient: Yeah, I had one a few years ago, but I don't think anything was found.

Doctor: Okay. Well, I'm going to go ahead and examine you now, okay? And I'll just call out some of my findings as I go along.

Patient: Okay.

Doctor: So, your blood pressure is 120/80, and your heart rate is 72. Your respiratory rate is 16, and your temperature is 98.6. Your oxygen saturation is 98% on room air.

Patient: Okay.

Doctor: And on examination, you're alert and oriented, and you don't seem to be in any distress. Your neck is supple, and I don't see any thyromegaly. Your heart has a regular rate and rhythm, and I don't hear any murmurs or rubs. Your lungs are clear to auscultation, and your abdomen is soft and nontender.

Patient: Okay.

Doctor: And on breast exam, your left breast is tender to palpation, but I don't feel any discrete masses. Your right breast feels normal. Both breasts are symmetric.

Patient: Okay.

Doctor: Now, I'm going to order a mammogram and a whole-breast ultrasound to get a better look at what's going on. And I'm also going to refer you to a medical oncologist, Dr. Laura Kim, for further evaluation and management.

Patient: Okay, that sounds good.

Doctor: And I want to make sure you understand the importance of following up with these appointments and exams. It's crucial that we get to the bottom of what's causing this tenderness.

Patient: Yeah, I understand. I'll make sure to follow up.

Doctor: Great. And in the meantime, I want you to continue taking your levothyroxine as prescribed. And if you have any questions or concerns, please don't hesitate to reach out to us.

Patient: Okay, will do.

Doctor: And one more thing, I want to remind you to perform regular self-examinations of your breasts and report any new or worsening symptoms immediately.

Patient: Okay, got it.

Doctor: Alright, that's all for today. We'll get the results of your mammogram and ultrasound, and Dr. Kim will be in touch with you soon to discuss the next steps.

Patient: Sounds good, thanks.

Doctor: You're welcome. Take care, and we'll talk soon."|"Here is the conversation with some chit chats added:

[doctor]: Hi, thanks for coming in today. Can you tell me a little bit about what brings you here?

[patient]: Hi. Yeah, I've been having some mild discomfort in my left breast for about a week now. It's just been feeling a bit tender to the touch.

[doctor]: I see. Hmm, okay. And have you noticed any other symptoms, like fever or changes in your bowel habits?

[patient]: No, nothing like that. Just the tenderness in my breast.

[doctor]: Okay, yeah. That's good to know. And can you tell me a bit about your medical history? Have you had any previous issues with your breasts or any other health problems?

[patient]: Well, I do have hypothyroidism, and I'm on levothyroxine for that. And my maternal grandmother had breast cancer when she was 55.

[doctor]: I see. Yeah, that's important to know. And are you taking your levothyroxine as prescribed?

[patient]: Yes, I am. I take 125 mcg every day.

[doctor]: Okay, great. And have you noticed any changes in your breast since you started taking the levothyroxine?

[patient]: No, I don't think so. Just this tenderness that started about a week ago.

[doctor]: Alright. And can you tell me about your family history of breast cancer? You mentioned your maternal grandmother had it.

[patient]: Yeah, that's right. She was diagnosed when she was 55.

[doctor]: I see. Okay, yeah. That's helpful to know. And have you had any previous mammograms or breast exams?

[patient]: Yeah, I had one a few years ago, but I don't think anything was found.

[doctor]: Okay, okay. Well, I'm going to go ahead and examine you now, okay? And I'll just call out some of my findings as I go along.

[patient]: Okay, sounds good.

[doctor]: So, your blood pressure is 120/80, and your heart rate is 72. Your respiratory rate is 16, and your temperature is 98.6. Your oxygen saturation is 98% on room air.

[patient]: Okay, yeah. That all sounds normal, right?

[doctor]: Yes, it does. Yeah, everything looks good so far. And on examination, you're alert and oriented, and you don't seem to be in any distress. Your neck is supple, and I don't see any thyromegaly. Your heart has a regular rate and rhythm, and I don't hear any murmurs or rubs. Your lungs are clear to auscultation, and your abdomen is soft and nontender.

[patient]: Okay, good.

[doctor]: And on breast exam, your left breast is tender to palpation, but I don't feel any discrete masses. Your right breast feels normal. Both breasts are symmetric.

[patient]: Okay, yeah. That's good to know.

[doctor]: Now, I'm going to order a mammogram and a whole-breast ultrasound to get a better look at what's going on. And I'm also going to refer you to a medical oncologist, Dr. Laura Kim, for further evaluation and management.

[patient]: Okay, that sounds good. Yeah, I'm a bit worried about what might be going on.

[doctor]: I understand, yeah. But we'll get to the bottom of it, don't worry. And I want to make sure you understand the importance of following up with these appointments and exams. It's crucial that we get a clear diagnosis.

[patient]: Yeah, I understand. I'll make sure to follow up.

[doctor]: Great. And in the meantime, I want you to continue taking your levothyroxine as prescribed. And if you have any questions or concerns, please don't hesitate to reach out to us.

[patient]: Okay, will do. Yeah, thanks for explaining everything to me.

[doctor]: You're welcome. And one more thing, I want to remind you to perform regular self-examinations of your breasts and report any new or worsening symptoms immediately.

[patient]: Okay, got it. Yeah, I'll make sure to do that.

[doctor]: Alright, that's all for today. We'll get the results of your mammogram and ultrasound, and Dr. Kim will be in touch with you soon to discuss the next steps.

[patient]: Sounds good, thanks. Yeah, I feel a bit better now that I know what's going on.

[doctor]: You're welcome. Take care, and we'll talk soon. Yeah, don't hesitate to reach out if you have any questions or concerns."
ENCOUNTER FOR SCREENING MAMMOGRAM FOR MALIGNANT NEOPLASM OF BREAST|"ROLE: Family Medicine Physician

**Medical Outcome**
- Diagnosis: Screening mammogram for malignant neoplasm of breast (ICD-10: C50._)
- Prescribed Treatment: None
- Follow-Up Recommendations: Schedule follow-up appointment in 1 week to discuss mammography results.
- Referral to Specialists: Potential referral to Oncology pending mammography results.
- Referral Details: Dr. Jane Smith, Specialist in Oncology.
- Imaging: Order mammogram of both breasts.

**Medical History**
- Previous Diagnoses: None
- Family Medical History: Maternal grandmother had breast cancer; paternal aunt had ovarian cancer.
- Medication History: Menopause Hormone Therapy (MHT) 1mg daily oral.
- Allergies: None
- Chronic Conditions: None reported

**Symptom Description**
- Severity: N/A for screening
- Duration: N/A for screening
- Associated Symptoms: None
- Frequency: N/A for screening
- Impact on Daily Activities: N/A for screening

**Patient’s Self-Reported Habits and Lifestyle**
- Sleep: 7 hours per night, good quality.
- Diet: Plant-based diet high in fruits and vegetables.
- Exercise: Moderate intensity activity (brisk walking, yoga) 3 times per week.
- Tobacco Use: Non-smoker
- Alcohol Consumption: 1 glass of wine per week.
- Drug Use: None
- Recreational Activities: Regularly attends book club and volunteer activities.

**Demographic Information**
- Age: 56 years
- Gender: Female
- Ethnicity: Non-Hispanic White
- Socio-economic Status: Upper-middle class
- Education Level: Bachelor's Degree
- Health Literacy: High
- Job Status: Retired teacher

**Patient’s Behavior**
- Cooperation with Medical Advice: Highly cooperative and engaged in discussions about preventive care.

**Geographical Location**
- Urban environment with low pollution levels.
- Well-served by public transit.
- Not a food desert.

**Clinical Setting**
- Community Health Services (annual check-ups)

**Type of Encounter**
- Preventive Health Screening (Annual Check-up)

**Treatment Disparities**
- None noted, patient receives comprehensive care.

**Native or Non-Native English Speaking Patient**
- Native English speaker

**Physical Exams**
- Breast exam: Benign nodules noted, no new masses appreciated.
   
**Investigation/Test Results**
- Mammogram: Pending review in one week."|"**Subjective**
*Chief Complaint (CC):*
None. Patient presents for routine annual check-up and screening mammogram.

*History of Present Illness (HPI):*
Ms. Elizabeth Johnson is a 56-year-old female presenting for her annual check-up and screening mammogram. The patient reports no recent symptoms or concerns. She is highly cooperative and engaged in preventive care discussions.  

*Review of Systems (ROS):*
The patient denies any specific symptoms but reports the following:

- **General:** Feels overall well; no weight loss, fever, or night sweats.
- **Constitutional:** No significant fatigue.
- **HEENT:** No headaches, dizziness, or vision changes.
- **Cardiovascular:** No chest pain, palpitations, or shortness of breath.
- **Respiratory:** No cough, wheezing, or hemoptysis.
- **GI:** No abdominal pain or changes in bowel habits.
- **Musculoskeletal:** No joint pain or muscle aches.
- **Neurological:** No numbness, tingling, or seizures.
- **Psychiatric:** No depression or anxiety symptoms.
- **Genitourinary:** No urinary symptoms, including no dysuria or changes in urine.
- **Skin:** No rashes, lumps, or unusual pigmentation.

**Objective**
*Vital Signs:*
- Blood pressure: 120/78 mmHg
- Heart rate: 72 bpm
- Respiratory rate: 16 breaths/min
- Temperature: 98.6°F (37°C)
- Oxygen saturation: 98% on room air

*Physical Exam:*
- General: No distress, well-nourished.
- Cardiovascular: Regular rhythm, no murmurs, rubs, or gallops.
- Pulmonary: Clear to auscultation bilaterally.
- Abdomen: Soft, non-tender, no hepatosplenomegaly.
- Neurologic: Alert and oriented, no deficits noted.
- Musculoskeletal: No deformities, full range of motion.
- Skin: Warm and dry, no rash.
- Breast Exam: Benign nodules noted, no new masses appreciated.

*Imaging Ordered:*
- Mammogram of both breasts (results pending)

*Laboratory Tests:*
None ordered.

**Assessment**
- Screening mammogram for malignant neoplasm of breast (ICD-10: C50._)
- No new active symptoms or diagnoses identified during this visit.
- Note of family history of breast cancer (maternal grandmother) and ovarian cancer (paternal aunt).

**Plan**
1. **Order imaging:** Mammogram of both breasts.
2. **Follow-up:** Schedule follow-up appointment in 1 week to discuss mammography results.
3. **Referral:** Potential referral to Oncology pending mammography results.
   - Contact information: Dr. Jane Smith, Specialist in Oncology.
4. **Medication:** Continue current regimen: Menopause Hormone Therapy (MHT) 1 mg daily oral.
5. **Lifestyle Counseling:** 
   - Continue a plant-based diet rich in fruits and vegetables.
   - Maintain moderate intensity exercise (brisk walking, yoga) 3 times per week.
   - Encourage regular sleep (7 hours nightly) and minimal alcohol consumption (1 glass of wine per week).
6. **Preventive Care:** Emphasize importance of regular screenings and early detection.

**Prognosis and Expected Outcomes**
Continue routine annual check-ups and maintain adherence to preventive care practices. Await results of mammogram for next steps."|"**Subjective**
*Chief Complaint (CC):*
None. Patient presents for routine annual check-up and screening mammogram.

*History of Present Illness (HPI):*
Ms. Elizabeth Johnson is a 56-year-old female presenting for her annual check-up and screening mammogram. The patient reports no recent symptoms or concerns. She is highly cooperative and engaged in preventive care discussions.  

*Review of Systems (ROS):*
The patient denies any specific symptoms but reports the following:

- **General:** Feels overall well; no weight loss, fever, or night sweats.
- **Constitutional:** No significant fatigue.
- **HEENT:** No headaches, dizziness, or vision changes.
- **Cardiovascular:** No chest pain, palpitations, or shortness of breath.
- **Respiratory:** No cough, wheezing, or hemoptysis.
- **GI:** No abdominal pain or changes in bowel habits.
- **Musculoskeletal:** No joint pain or muscle aches.
- **Neurological:** No numbness, tingling, or seizures.
- **Psychiatric:** No depression or anxiety symptoms.
- **Genitourinary:** No urinary symptoms, including no dysuria or changes in urine.
- **Skin:** No rashes, lumps, or unusual pigmentation.

**Objective**
*Vital Signs:*
- Blood pressure: 120/78 mmHg
- Heart rate: 72 bpm
- Respiratory rate: 16 breaths/min
- Temperature: 98.6°F (37°C)
- Oxygen saturation: 98% on room air

*Physical Exam:*
- General: No distress, well-nourished.
- Cardiovascular: Regular rhythm, no murmurs, rubs, or gallops.
- Pulmonary: Clear to auscultation bilaterally.
- Abdomen: Soft, non-tender, no hepatosplenomegaly.
- Neurologic: Alert and oriented, no deficits noted.
- Musculoskeletal: No deformities, full range of motion.
- Skin: Warm and dry, no rash.
- Breast Exam: Benign nodules noted, no new masses appreciated.

*Mammogram of both breasts (results pending)*

**Assessment**
- Screening mammogram for malignant neoplasm of breast (ICD-10: C50._)
- No new active symptoms or diagnoses identified during this visit.
- Note of family history of breast cancer (maternal grandmother) and ovarian cancer (paternal aunt).

**Plan**
1. **Order imaging:** Mammogram of both breasts (results pending).
2. **Follow-up:** Schedule follow-up appointment in 1 week to discuss mammography results.
3. **Referral:** Potential referral to Oncology pending mammography results.
   - Reason for referral: To evaluate mammography results.
   - Specialty: Oncology.
   - Doctor's name: Dr. Jane Smith.
4. **Medication:** Continue current regimen: Menopause Hormone Therapy (MHT) 1 mg daily oral.
5. **Lifestyle Counseling:** 
   - Continue a plant-based diet rich in fruits and vegetables.
   - Maintain moderate intensity exercise (brisk walking, yoga) 3 times per week.
   - Encourage regular sleep (7 hours nightly) and minimal alcohol consumption (1 glass of wine per week).
6. **Preventive Care:** Emphasize importance of regular screenings and early detection.

**Prognosis and Expected Outcomes**
Continue routine annual check-ups and maintain adherence to preventive care practices. Await results of mammogram for next steps."|ablation|Family Medicine Physician|"Here is the conversation between the doctor and the patient:

Doctor: Good morning, Ms. Johnson. How are you feeling today?
Patient: I'm feeling fine, thank you for asking. Just here for my annual check-up and mammogram.
Doctor: Great. Let's get started then. Can you tell me a little bit about your medical history?
Patient: Hmm, well... I don't have any major concerns right now. Just the usual check-ups and screenings.
Doctor: Okay, that's good to hear. Have you noticed any changes in your body recently? Any new symptoms or concerns?
Patient: No, nothing out of the ordinary. Just a little tired sometimes, but that's about it.
Doctor: Okay. Let's go through the review of systems then. Have you had any headaches, dizziness, or vision changes?
Patient: No, none of those.
Doctor: How about chest pain, palpitations, or shortness of breath?
Patient: No, nothing like that.
Doctor: Okay. What about abdominal pain or changes in bowel habits?
Patient: No, everything seems normal there.
Doctor: Great. Let's move on to the musculoskeletal system. Any joint pain or muscle aches?
Patient: No, I'm good there.
Doctor: Okay. How about neurological symptoms? Any numbness, tingling, or seizures?
Patient: No, nothing like that.
Doctor: Great. Let's talk about your family history. Do you have any family members with a history of breast cancer or ovarian cancer?
Patient: Actually, my maternal grandmother had breast cancer, and my paternal aunt had ovarian cancer.
Doctor: I see. That's important to note. We'll make sure to keep an eye on that. Now, let's move on to the physical exam. I'm going to take your vitals and do a quick exam.
Patient: Okay, sounds good.
Doctor: (takes vitals) Okay, your blood pressure is 120/78, heart rate is 72, and oxygen saturation is 98% on room air. All looks good. Now, let's do a quick physical exam. (performs exam) Everything looks normal. I do notice some benign nodules on your breast exam, but nothing that concerns me at this point.
Patient: Okay, that's good to hear.
Doctor: Yes, it is. Now, I'm going to order a mammogram of both breasts, just as a precaution. We'll also schedule a follow-up appointment in a week to discuss the results.
Patient: Sounds like a plan.
Doctor: It is. I also want to remind you to continue your current regimen of Menopause Hormone Therapy, 1 mg daily oral.
Patient: Okay, will do.
Doctor: Great. And don't forget to maintain a healthy lifestyle - a plant-based diet, moderate exercise, and regular sleep.
Patient: Got it. Thanks for the reminder.
Doctor: You're welcome. Just one more thing - I want to emphasize the importance of regular screenings and early detection. We'll keep an eye on your family history and make sure you're taking care of yourself.
Patient: Absolutely, I understand. Thanks for taking care of me, Doctor.
Doctor: You're welcome, Ms. Johnson. I'll see you in a week to discuss the mammography results. Have a great day.
Patient: You too, Doctor. Bye."|"Here is the conversation with some additional chit-chats and modal particles:

[Doctor]: Good morning, Ms. Johnson. How are you feeling today?
[Patient]: I'm feeling fine, thank you for asking. Just here for my annual check-up and mammogram.
[Doctor]: Great. Let's get started then. Can you tell me a little bit about your medical history? Hmm, anything new or concerning you lately?
[Patient]: Hmm, well... I don't have any major concerns right now. Just the usual check-ups and screenings. Yeah, I'm just trying to stay on top of things, you know?
[Doctor]: Okay, that's good to hear. Have you noticed any changes in your body recently? Any new symptoms or concerns? Okay, let me just check your file real quick... (pause) Okay, yeah. So, no new medications or anything like that?
[Patient]: No, nothing out of the ordinary. Just a little tired sometimes, but that's about it. Yeah, I guess we all get a little tired sometimes, right? (laughs)
[Doctor]: (laughs) Absolutely. Okay, let's go through the review of systems then. Have you had any headaches, dizziness, or vision changes? Hmm, anything like that?
[Patient]: No, none of those. I'm good.
[Doctor]: How about chest pain, palpitations, or shortness of breath? Yeah, just want to make sure we cover all our bases here...
[Patient]: No, nothing like that. I'm pretty healthy, I think.
[Doctor]: Okay. What about abdominal pain or changes in bowel habits? Hmm, anything new or different there?
[Patient]: No, everything seems normal there. Yeah, I've been trying to eat pretty healthy, so... (trails off)
[Doctor]: Great. Let's move on to the musculoskeletal system. Any joint pain or muscle aches? Okay, just bear with me for a sec...
[Patient]: No, I'm good there. I try to stay active, you know, exercise and all that.
[Doctor]: Okay. How about neurological symptoms? Any numbness, tingling, or seizures? Hmm, anything like that?
[Patient]: No, nothing like that. I'm good, thanks for asking.
[Doctor]: Great. Let's talk about your family history. Do you have any family members with a history of breast cancer or ovarian cancer? Yeah, this is important...
[Patient]: Actually, my maternal grandmother had breast cancer, and my paternal aunt had ovarian cancer. Yeah, I know it's in my family history, so...
[Doctor]: I see. That's important to note. We'll make sure to keep an eye on that. Now, let's move on to the physical exam. I'm going to take your vitals and do a quick exam. Okay, just relax for a sec...
[Patient]: Okay, sounds good.
[Doctor]: (takes vitals) Okay, your blood pressure is 120/78, heart rate is 72, and oxygen saturation is 98% on room air. All looks good. Now, let's do a quick physical exam. (performs exam) Everything looks normal. I do notice some benign nodules on your breast exam, but nothing that concerns me at this point. Yeah, just a precautionary measure...
[Patient]: Okay, that's good to hear. What do you think about those nodules, though?
[Doctor]: Well, like I said, they're benign, so no need to worry. We'll just keep an eye on them, okay? Yeah, and I'm going to order a mammogram of both breasts, just as a precaution. We'll also schedule a follow-up appointment in a week to discuss the results.
[Patient]: Sounds like a plan. What can I expect from the mammogram?
[Doctor]: Hmm, well... it's just a quick and easy procedure. You'll be in and out in no time, okay? And then we'll discuss the results and go from there. Yeah, and I also want to remind you to continue your current regimen of Menopause Hormone Therapy, 1 mg daily oral.
[Patient]: Okay, will do. I've been taking it for a while now, so...
[Doctor]: Great. And don't forget to maintain a healthy lifestyle - a plant-based diet, moderate exercise, and regular sleep. Yeah, all that good stuff...
[Patient]: Got it. Thanks for the reminder. I try to stay on track, but it's nice to have a reminder.
[Doctor]: You're welcome. Just one more thing - I want to emphasize the importance of regular screenings and early detection. We'll keep an eye on your family history and make sure you're taking care of yourself. Okay, I think that's all for today...
[Patient]: Absolutely, I understand. Thanks for taking care of me, Doctor.
[Doctor]: You're welcome, Ms. Johnson. I'll see you in a week to discuss the mammography results. Have a great day, okay?
[Patient]: You too, Doctor. Bye."
ENCOUNTER FOR SCREENING MAMMOGRAM FOR MALIGNANT NEOPLASM OF BREAST|"ROLE: Breast Cancer Specialist

CHIEF COMPLAINT: Screening mammogram for possible breast cancer.

MEDICAL HISTORY:
- Previous Diagnoses: None reported.
- Family Medical History: Mother diagnosed with breast cancer at age 45.
- Medication History: None.
- Allergies: Penicillin.
- Chronic Conditions: None.

SYMPTOM DESCRIPTION:
- Severity: None reported.
- Duration: N/A (screening test).
- Associated Symptoms: None reported.
- Frequency: N/A (screening test).
- Impact on Daily Activities: N/A (screening test).

PATIENT’S SELF-REPORTED HABITS AND LIFESTYLE:
- Sleep: Average.
- Diet: Healthy diet rich in fruits and vegetables.
- Exercise: Works out for 30 minutes, 3 times per week.
- Tobacco Use: Non-smoker.
- Alcohol Consumption: Social drinker (1-2 drinks per week).

DEMOGRAPHIC INFORMATION:
- Age: 45 years.
- Gender: Female.
- Ethnicity: Caucasian.
- Socio-economic Status: Middle Class.
- Education Level: College graduate.
- Health Literacy: High.
- Job Status: Full-time office worker.

PATIENT'S BEHAVIOR: Cooperative and attentive to advice.

GEOGRAPHICAL LOCATION:
- Location: Large city.
- Environmental Health Risks: Minimal pollution; good access to healthcare facilities.
- Neighborhood Type: Urban affording good transit access.
- Food Availability: Not a food desert.

CLINICAL SETTING: Private Practice.

TYPE OF ENCOUNTER: Screening (routine check-up).

TREATMENT DISPARITIES: Not applicable.

NATIVE OR NON-NATIVE ENGLISH SPEAKING PATIENT: Native.

PHYSICAL EXAMS: 
- Breast Exam: No palpable masses noted. Symmetrical findings.

INVESTIGATION/TEST RESULTS:
- Imaging: Recent mammogram showing a suspicious mass. 
- Next Steps: Order a biopsy and an ultrasound for further evaluation.

ASSESSMENT AND PLAN:
- Medical Outcome: Suspicious mammogram findings require further investigation.
- Referral and Orders: Scheduling an ultrasound and breast biopsy to confirm nature of the suspicious lesion.
- Patient Agreements: Patient is aware of the necessity of further testing and consents to the proposed plan.

FOLLOW-UP RECOMMENDATIONS:
- Instruct patient to schedule the ultrasound and biopsy at our facility as soon as possible.
- Inform patient that we will discuss the results and next steps after pathology report availability.
- Educate patient on signs and symptoms to watch for between now and the biopsy, noting any changes in the breast area should be reported immediately."|"**Subjective:**

**Chief Complaint:** Screening mammogram for possible breast cancer.

**History of Present Illness:**
- No reported symptoms (asymptomatic).
- Recent mammogram indicated a suspicious mass.
  
**Review of Systems:**
- Constitutional: No reported symptoms.
- Respiratory: No reported symptoms.
- Gastrointestinal: No reported symptoms.
- Genitourinary: No reported symptoms.
- Musculoskeletal: No reported symptoms.
- Neuropsychiatric: No reported symptoms.
- Endocrine: No reported symptoms.
- Dermatologic: No reported symptoms.

**Social History:**
- Occupation: Full-time office worker.
- Habits: Non-smoker, social drinker (1-2 drinks per week).
- Diet: Healthy diet rich in fruits and vegetables.
- Exercise: Works out for 30 minutes, 3 times per week.
- Environment: Lives in a large city with minimal pollution and good access to healthcare facilities.
- Lifestyle: Cooperative and attentive to medical advice.

**Family History:**
- Mother diagnosed with breast cancer at age 45.

**Allergies:**
- Penicillin allergy.

**Medications:**
- None currently.

**Objective:**

**Physical Exam:**
- General: Appears well.
- Skin: No abnormal findings.
- Breast exam: No palpable masses noted, symmetrical findings bilaterally.
- Cardiovascular: No murmurs, gallops, or rubs.
- Pulmonary: Clear to auscultation, no wheezes, rhonchi, or crackles.
- Abdomen: Soft, non-tender, no masses.
- Neurological: No deficits on initial examination.

**Investigations/Test Results:**
- Mammography: Suspicious mass identified.
- Ultrasound and biopsy scheduled for further evaluation.

**Assessment:**
- Suspicious mammogram findings require further investigation.
  - Medical Reasoning: Given the suspicious mass identified on mammography and the family history of breast cancer, further diagnostic workup is necessary to rule out malignancy.
  
**Plan:**

1. **Imaging:**
   - Schedule a breast ultrasound to better characterize the suspicious mass.
   
2. **Diagnostic Procedure:**
   - Obtain a biopsy of the suspicious mass for pathologic evaluation.
   
3. **Education and Counseling:**
   - Explain the necessity of further testing to the patient.
   - Educate the patient on signs and symptoms to monitor between now and the biopsy, particularly noting any changes in the breast area.

**Patient Agreements:**
- Patient is aware of the necessity of further testing and consents to the proposed plan.

**Follow-Up Recommendations:**
- Instruct the patient to schedule the ultrasound and biopsy at our facility as soon as possible.
- Inform the patient that we will discuss the results and next steps after the receipt of the pathology report.
- Educate the patient on monitoring for any new symptoms and reporting these immediately."|"**Subjective:**

**Chief Complaint:** Screening mammogram for possible breast cancer.

**History of Present Illness:**
- No reported symptoms (asymptomatic).
- Recent mammogram indicated a suspicious mass.

**Review of Systems:**
- Constitutional: No reported symptoms.
- Respiratory: No reported symptoms.
- Gastrointestinal: No reported symptoms.
- Genitourinary: No reported symptoms.
- Musculoskeletal: No reported symptoms.
- Neuropsychiatric: No reported symptoms.
- Endocrine: No reported symptoms.
- Dermatologic: No reported symptoms.

**Social History:**
- Occupation: Full-time office worker.
- Habits: Non-smoker, social drinker (1-2 drinks per week).
- Diet: Healthy diet rich in fruits and vegetables.
- Exercise: Works out for 30 minutes, 3 times per week.
- Environment: Lives in a large city with minimal pollution and good access to healthcare facilities.
- Lifestyle: Cooperative and attentive to medical advice.

**Family History:**
- Mother diagnosed with breast cancer at age 45.

**Allergies:**
- Penicillin allergy.

**Medications:**
- None currently.

**Objective:**

**Physical Exam:**
- General: Appears well.
- Skin: No abnormal findings.
- Breast exam: No palpable masses noted, symmetrical findings bilaterally.
- Cardiovascular: No murmurs, gallops, or rubs.
- Pulmonary: Clear to auscultation, no wheezes, rhonchi, or crackles.
- Abdomen: Soft, non-tender, no masses.
- Neurological: No deficits on initial examination.

**Investigations/Test Results:**
- Mammography: Suspicious mass identified.

**Assessment:**
- Suspicious mammogram findings require further investigation.

**Plan:**

1. **Imaging:**
   - Schedule a breast ultrasound to better characterize the suspicious mass.
   
2. **Diagnostic Procedure:**
   - Obtain a biopsy of the suspicious mass for pathologic evaluation.
   
3. **Education and Counseling:**
   - Explain the necessity of further testing to the patient.
   - Educate the patient on signs and symptoms to monitor between now and the biopsy, particularly noting any changes in the breast area.

**Patient Agreements:**
- Patient is aware of the necessity of further testing and consents to the proposed plan.

**Follow-Up Recommendations:**
- Instruct the patient to schedule the ultrasound and biopsy at our facility as soon as possible.
- Inform the patient that we will discuss the results and next steps after the receipt of the pathology report.
- Educate the patient on monitoring for any new symptoms and reporting these immediately."|ablation|Breast Cancer Specialist|"Here is the conversation between the doctor and the patient:

Doctor: Hi, how are you doing today?
Patient: I'm doing well, thank you. I'm a bit concerned about the results of my recent mammogram.
Doctor: Yes, we did receive the results, and there is a suspicious mass that we need to investigate further. Can you tell me a little bit about your medical history?
Patient: Okay... I don't have any major medical conditions, but my mom was diagnosed with breast cancer when she was 45.
Doctor: I see. And do you have any symptoms currently?
Patient: No, I don't have any symptoms. I just had a mammogram as part of my routine check-up.
Doctor: Okay. And can you tell me about your family history of breast cancer?
Patient: Yes, my mom had breast cancer, like I said. And I think my aunt might have had it too, but I'm not sure.
Doctor: Okay, that's helpful to know. And what about your social history? Do you smoke or drink?
Patient: No, I don't smoke, and I only drink occasionally, maybe one or two drinks a week.
Doctor: Okay, that's great. And what about exercise and diet? Do you try to stay active and eat healthy?
Patient: Yes, I try to work out for about 30 minutes, three times a week, and I eat a pretty healthy diet with lots of fruits and vegetables.
Doctor: That's excellent. Now, let's do a physical exam. (performs exam) Everything looks normal, but we do need to do some further testing to investigate this suspicious mass.
Patient: Okay, what kind of testing?
Doctor: We'll schedule a breast ultrasound to get a better look at the mass, and we may need to do a biopsy to get a tissue sample.
Patient: Okay, that sounds like a good plan. What can I expect during the ultrasound and biopsy?
Doctor: The ultrasound is pretty straightforward, and the biopsy might be a bit uncomfortable, but it's usually quick. We'll give you some local anesthesia to numb the area.
Patient: Okay, that sounds okay. And what about after the biopsy? What's the next step?
Doctor: After we get the results of the biopsy, we'll discuss them with you and determine the next steps. If it's cancer, we'll talk about treatment options. If it's not cancer, we'll discuss how to monitor the area and when to come back for follow-up.
Patient: Okay, that makes sense. And how long will it take to get the results?
Doctor: Usually, it takes a few days to a week to get the results of the biopsy. We'll call you as soon as we have them.
Patient: Okay, sounds good. And what should I be looking out for in the meantime?
Doctor: Just monitor the area for any changes, and if you notice anything unusual, give us a call right away.
Patient: Okay, will do. And can I ask, what's the likelihood that this is cancer?
Doctor: It's difficult to say without the biopsy results, but given your family history, we do need to be careful and investigate further.
Patient: Okay, I understand. Thank you for explaining everything to me.
Doctor: You're welcome. We'll take good care of you and get to the bottom of this."|"Here is the conversation with some minor adjustments to make it more colloquial and natural-sounding:

[Doctor]: Hi, how are you doing today?
[Patient]: I'm doing well, thanks. I'm a bit concerned about the results of my recent mammogram, though.
[Doctor]: Yes, we did receive the results, and there is a suspicious mass that we need to investigate further. Can you tell me a little bit about your medical history? Hmm, anything that might be relevant?
[Patient]: Okay... I don't have any major medical conditions, but my mom was diagnosed with breast cancer when she was 45.
[Doctor]: I see. And do you have any symptoms currently? Any pain or discomfort?
[Patient]: No, I don't have any symptoms. I just had a mammogram as part of my routine check-up.
[Doctor]: Okay, that's good. And can you tell me about your family history of breast cancer? Yes, your mom had breast cancer... anyone else in your family?
[Patient]: Yeah, my mom had breast cancer, like I said. And I think my aunt might have had it too, but I'm not sure.
[Doctor]: Okay, that's helpful to know. And what about your social history? Do you smoke or drink, hmm, at all?
[Patient]: No, I don't smoke, and I only drink occasionally, maybe one or two drinks a week.
[Doctor]: Okay, that's great. And what about exercise and diet? Do you try to stay active and eat healthy? You know, lots of fruits and veggies?
[Patient]: Yeah, I try to work out for about 30 minutes, three times a week, and I eat a pretty healthy diet with lots of fruits and vegetables.
[Doctor]: That's excellent. Now, let's do a physical exam, okay? (performs exam) Everything looks normal, but we do need to do some further testing to investigate this suspicious mass.
[Patient]: Okay, what kind of testing?
[Doctor]: We'll schedule a breast ultrasound to get a better look at the mass, and we may need to do a biopsy to get a tissue sample. Yeah, just to be sure.
[Patient]: Okay, that sounds like a good plan. What can I expect during the ultrasound and biopsy?
[Doctor]: The ultrasound is pretty straightforward, and the biopsy might be a bit uncomfortable, but it's usually quick. We'll give you some local anesthesia to numb the area, so it shouldn't be too bad.
[Patient]: Okay, that sounds okay. And what about after the biopsy? What's the next step, hmm?
[Doctor]: After we get the results of the biopsy, we'll discuss them with you and determine the next steps. If it's cancer, we'll talk about treatment options. If it's not cancer, we'll discuss how to monitor the area and when to come back for follow-up. Yeah, we'll go from there.
[Patient]: Okay, that makes sense. And how long will it take to get the results?
[Doctor]: Usually, it takes a few days to a week to get the results of the biopsy. We'll call you as soon as we have them, okay?
[Patient]: Okay, sounds good. And what should I be looking out for in the meantime?
[Doctor]: Just monitor the area for any changes, and if you notice anything unusual, give us a call right away. Yeah, we want to catch anything early.
[Patient]: Okay, will do. And can I ask, what's the likelihood that this is cancer?
[Doctor]: It's difficult to say without the biopsy results, but given your family history, we do need to be careful and investigate further. Yeah, just to be sure.
[Patient]: Okay, I understand. Thanks for explaining everything to me.
[Doctor]: You're welcome. We'll take good care of you and get to the bottom of this, okay?"
ENCOUNTER FOR SCREENING MAMMOGRAM FOR MALIGNANT NEOPLASM OF BREAST|"ROLE: Family Medicine Physician

**Medical Outcome:**  
- Prescribing Medication: Ibuprofen 400 mg, oral, every 6 hours as needed for pain, 7 tablets  
- Referral: Ordered Mammography screening  
- Referral: Referred to Breast Surgery Specialist - Dr. Jane Doe  
- Follow-Up Recommendations: Follow-up in 1 month to discuss mammography results and further plan of action  

**Medical History:**  
- Previous Diagnoses: None  
- Family Medical History: Mother had breast cancer at age 50  
- Medication History: None  
- Allergies: Penicillin  
- Chronic Conditions: Hypertension, well-controlled on medication  

**Symptom Description:**  
- Severity: No specific pain or discomfort  
- Duration: N/A  
- Associated Symptoms: N/A  
- Frequency: N/A  
- Impact on Daily Activities: N/A  

**Patient’s Self-reported Habits and Lifestyle:**  
- Sleep: Average of 7-8 hours per night  
- Diet: Balanced with occasional fast food  
- Exercise: Walks for 30 minutes, thrice a week  
- Tobacco Use: Never  
- Alcohol Consumption: 1 glass of wine per day  

**Demographic Information:**  
- Age: 45  
- Gender: Female  
- Ethnicity: White  
- Socio-economic Status: Middle Class  
- Education Level: College Degree  
- Health Literacy: High  
- Job Status: Software Developer  

**Patient's Behavior:**  
- Very cooperative and compliant  

**Geographical Location:**  
- Urban setting, low pollution risk, well-served by transit  

**Clinical Setting:**  
- Clinic  

**Type of Encounter:**  
- Preventive Health Screening  

**Treatment Disparities:**  
- None noted  

**Native or Non-Native English Speaking Patient:**  
- Native English speaker  

**Physical Exams:**  
- Breast Examination: No masses, tenderness, or skin changes. Bilateral symmetry with no abnormalities noted  
- Cardiovascular: Regular rate and rhythm  
- Neurological: Intact sensory and motor function  

**Investigation/Test Results:**  
- Mammography ordered, results pending"|"**Subjective**

Chief Complaint:
- None identified; patient presented for a preventive health screening.

History of Present Illness:
- 45-year-old female presented for a routine annual preventive health screening visit. 
- No specific pain or discomfort reported; no change in dietary habits, exercise routine, or sleep pattern.
- No significant history of illness.
- Patient reports a family history of breast cancer (mother diagnosed at age 50).

Social History:
- Sleep: Reports sleeping an average of 7-8 hours per night.
- Diet: Maintains balanced diet with occasional fast food consumption.
- Exercise: Walks for 30 minutes three times a week.
- Tobacco use: Never used tobacco.
- Alcohol use: Consumes one glass of wine per day.

Review of Systems:
- Patient denies symptoms of fever, cough, shortness of breath, fatigue, chest pain, nausea, vomiting, diarrhea, constipation, dizziness, headaches, or visual changes. 
- Bilateral symmetrical breasts with no masses, tenderness, or skin changes.

**Objective**

Vitals:
- Blood Pressure: 120/80 mmHg
- Heart Rate: 68 bpm
- Respiratory Rate: 16 breaths/min
- Temperature: 98.6°F
- Oxygen Saturation: 98% on room air

Physical Exam:
- Cardiovascular: Regular rate and rhythm; no murmur, rubs, or gallops detected; distal pulses palpable.
- Respiratory: Clear to auscultation bilaterally.
- Abdomen: Soft, non-tender, normal bowel sounds.
- Neurological: All cranial nerves II-XII intact; motor and sensory functions are symmetric and intact.
- Breast Examination: No masses, tenderness, or skin changes noted; bilateral symmetry maintained.

Investigations/Tests:
- Mammography: Ordered and results pending.

**Assessment**

- No active medical issues identified during this preventive health screening visit.
- Increased risk of breast cancer due to positive family history.
- Well-controlled hypertension.

**Plan**

1. **Medication Prescriptions**
   - Ibuprofen 400 mg, oral, qid PRN for pain, dispense 7 tablets.

2. **Referrals**
   - Mammography screening ordered and results pending.
   - Referred to Breast Surgery Specialist - Dr. Jane Doe for further evaluation based on family history.

3. **Follow-Up Recommendations**
   - Follow up in 1 month to review mammography results and discuss next steps.
   - Continue current blood pressure management regimen.

4. **Preventive Measures**
   - Encourage continuation of current lifestyle habits (balanced diet, regular exercise, adequate sleep).

5. **Education**
   - Educate patient about continued monitoring and awareness of any new lumps, changes in skin appearance, or unusual symptoms related to breast health.

Patient was cooperative and compliant throughout the encounter and understands the next steps in her care plan."|"**Subjective**

Chief Complaint:
- None identified; patient presented for a preventive health screening.

History of Present Illness:
- Ms. Smith, a 45-year-old female, presented for a routine annual preventive health screening visit. 
- No specific pain or discomfort reported; no change in dietary habits, exercise routine, or sleep pattern.
- No significant history of illness.
- Patient reports a family history of breast cancer (mother diagnosed at age 50).

Social History:
- Sleep: Reports sleeping an average of 7-8 hours per night.
- Diet: Maintains balanced diet with occasional fast food consumption.
- Exercise: Walks for 30 minutes three times a week.
- Tobacco use: Never used tobacco.
- Alcohol use: Consumes one glass of wine per day.

Review of Systems:
- Patient denies symptoms of fever, cough, shortness of breath, fatigue, chest pain, nausea, vomiting, diarrhea, constipation, dizziness, headaches, or visual changes. 
- Bilateral symmetrical breasts with no masses, tenderness, or skin changes.

**Objective**

Vitals:
- Blood Pressure: 120/80 mmHg
- Heart Rate: 68 bpm
- Respiratory Rate: 16 breaths/min
- Temperature: 98.6°F
- Oxygen Saturation: 98% on room air

Physical Exam:
- Cardiovascular: Regular rate and rhythm; no murmur, rubs, or gallops detected; distal pulses palpable.
- Respiratory: Clear to auscultation bilaterally.
- Abdomen: Soft, non-tender, normal bowel sounds.
- Neurological: All cranial nerves II-XII intact; motor and sensory functions are symmetric and intact.
- Breast Examination: No masses, tenderness, or skin changes noted; bilateral symmetry maintained.

**Assessment**

- No active medical issues identified during this preventive health screening visit.
- Increased risk of breast cancer due to positive family history.

**Plan**

1. **Imaging**
   - Mammography screening ordered and results pending.

2. **Medication Prescriptions**
   - Ibuprofen 400 mg, oral, qid PRN for pain, dispense 7 tablets.

3. **Referrals**
   - Referral to Breast Surgery Specialist - Dr. Jane Doe for further evaluation based on family history.

4. **Follow-Up Recommendations**
   - Follow up in 1 month to review mammography results and discuss next steps.

5. **Preventive Measures**
   - Encourage continuation of current lifestyle habits (balanced diet, regular exercise, adequate sleep).

6. **Education**
   - Educate patient about continued monitoring and awareness of any new lumps, changes in skin appearance, or unusual symptoms related to breast health.

Patient was cooperative and compliant throughout the encounter and understands the next steps in her care plan."|ablation|Family Medicine Physician|"Here is the conversation between the doctor and the patient:

Doctor: Hi there, thanks for coming in today. Can you tell me a little bit about your medical history?

Patient: Yeah, I don't have any major issues. I just came in for a routine check-up.

Doctor: Okay, great. So, can you tell me about your family medical history? Do you have any family members with significant medical conditions?

Patient: Actually, my mom was diagnosed with breast cancer when she was 50.

Doctor: I see. That's good to know. Have you had any symptoms or concerns recently that prompted you to come in today?

Patient: No, nothing specific. I just wanted to get a check-up to make sure everything is okay.

Doctor: Alright, let's take a look at your vitals then. (takes vitals) Okay, your blood pressure is 120 over 80, your heart rate is 68, and your oxygen saturation is 98%. Everything looks good here.

Patient: Yeah, I've been trying to stay on top of my health.

Doctor: That's great. Now, can you tell me about your diet and exercise routine? What do you usually eat in a day, and how often do you exercise?

Patient: I try to eat a balanced diet, but I do have fast food occasionally. I walk for about 30 minutes, three times a week.

Doctor: Okay, that sounds like a good routine. Do you drink or smoke?

Patient: I have a glass of wine per day, but I've never smoked.

Doctor: Alright. Now, let's do a physical exam. (performs physical exam) Okay, your cardiovascular system looks good, your respiratory system is clear, and your abdominal exam is normal. Your neurological exam is also normal.

Patient: Yeah, I feel fine.

Doctor: Great. I'm going to order a mammography for you, just as a precaution given your family history.

Patient: Okay, that sounds good.

Doctor: Yeah, we'll get the results and discuss next steps. In the meantime, I want you to continue with your current lifestyle habits, and we'll follow up in a month to review the mammography results.

Patient: Sounds like a plan.

Doctor: Yeah, and I'll also refer you to a breast surgery specialist, just to be safe.

Patient: Okay, got it.

Doctor: Alright, any questions for me?

Patient: No, I think that's all.

Doctor: Okay, great. We'll get the results and go from there. Take care, and we'll talk soon.

Patient: Yeah, thanks. Bye."|"Here is the conversation with more colloquial language for the patient and professional details for the doctor:

[doctor]: Hi there, thanks for coming in today. Can you tell me a little bit about your medical history? Hmm, just to get started.

[patient]: Yeah, I don't have any major issues or anything. I just came in for a routine check-up, you know, just to make sure everything's okay.

[doctor]: Okay, great. So, can you tell me about your family medical history? Do you have any family members with significant medical conditions? Yes, this is important.

[patient]: Actually, my mom was diagnosed with breast cancer when she was 50. Yeah, that's a big concern for me.

[doctor]: I see. That's good to know. Have you had any symptoms or concerns recently that prompted you to come in today? Hmm, anything at all?

[patient]: No, nothing specific. I just wanted to get a check-up to make sure everything is okay, you know? Just a routine thing.

[doctor]: Alright, let's take a look at your vitals then. (takes vitals) Okay, your blood pressure is 120 over 80, your heart rate is 68 beats per minute, and your oxygen saturation is 98% on room air. Everything looks good here. Your respiratory rate is 16 breaths per minute, and your temperature is 98.6 degrees Fahrenheit.

[patient]: Yeah, I've been trying to stay on top of my health, exercise and all that.

[doctor]: That's great. Now, can you tell me about your diet and exercise routine? What do you usually eat in a day, and how often do you exercise? Okay, just to get an idea.

[patient]: I try to eat a balanced diet, but I do have fast food occasionally. I walk for about 30 minutes, three times a week. Yeah, that's about it.

[doctor]: Okay, that sounds like a good routine. Do you drink or smoke? Hmm, just to confirm.

[patient]: I have a glass of wine per day, but I've never smoked. No, never.

[doctor]: Alright. Now, let's do a physical exam. (performs physical exam) Okay, your cardiovascular system looks good, your respiratory system is clear to auscultation bilaterally, and your abdominal exam is normal. Your neurological exam is also normal, with all cranial nerves II-XII intact. Yeah, everything looks good.

[patient]: Yeah, I feel fine. No problems or anything.

[doctor]: Great. I'm going to order a mammography for you, just as a precaution given your family history. This will help us detect any potential issues early on.

[patient]: Okay, that sounds good. Yeah, I want to make sure everything's okay.

[doctor]: Yeah, we'll get the results and discuss next steps. In the meantime, I want you to continue with your current lifestyle habits, and we'll follow up in a month to review the mammography results. I'll also prescribe you some ibuprofen, 400 milligrams, oral, four times a day as needed for pain.

[patient]: Sounds like a plan. Yeah, got it.

[doctor]: Yeah, and I'll also refer you to a breast surgery specialist, just to be safe. Dr. Jane Doe will be able to provide further evaluation and guidance.

[patient]: Okay, got it. Yeah, that makes sense.

[doctor]: Alright, any questions for me? Hmm, before we wrap up?

[patient]: No, I think that's all. Yeah, I'm good.

[doctor]: Okay, great. We'll get the results and go from there. Take care, and we'll talk soon. Remember to continue your blood pressure management regimen and come back in a month for a follow-up.

[patient]: Yeah, thanks. Bye."
ENCOUNTER FOR SCREENING MAMMOGRAM FOR MALIGNANT NEOPLASM OF BREAST|"ROLE: Radiologist

CHIEF COMPLAINT

Annual screening mammogram.

MEDICAL HISTORY

- Previous diagnoses: None.
- Family medical history: Mother had breast cancer at age 58.
- Medication history: Taking low-dose aspirin daily.
- Allergies: None.
- Chronic conditions: None.

SYMMPTOM DESCRIPTION

- No current symptoms. Patient comes in for routine screening.

PATIENT’S SELF-REPORTED HABITS AND LIFESTYLE

- Sleep: Average 7 hours per night.
- Diet: Balanced but high-fat intake.
- Exercise: Does yoga twice weekly.
- Tobacco use: Non-smoker.
- Alcohol consumption: Drinks socially, 1-2 drinks per week.

DEMOGRAPHIC INFORMATION

- Age: 48 years old.
- Gender: Female.
- Ethnicity: Caucasian.
- Socio-economic status: Middle class.
- Education level: College graduate.
- Health literacy: High.
- Job status: Freelance graphic designer.

PATIENT'S BEHAVIOR

- Highly cooperative with medical advice.

GEOGRAPHICAL LOCATION

- Urban environment.
- Well-served by public transit.
- Not a food desert.

CLINICAL SETTING

- Radiology clinic.

TYPE OF ENCOUNTER

- Routine check-up, screening mammogram.

TREATMENT DISPARITIES

- No apparent disparities.

NATIVE OR NON-NATIVE ENGLISH SPEAKING PATIENT

- Native English speaker.

PHYSICAL EXAMS

- NA.

INVESTIGATION/TEST RESULTS

- Results of screening mammogram showing irregular densities in the right breast. Further diagnostic imaging (breast MRI) and a biopsy recommended.

ASSESSMENT AND PLAN

1. Breast Imaging Findings.
   - Medical Reasoning: Irregular densities detected on mammogram.
   - Patient Education and Counseling: Explanation provided regarding the need for further imaging and biopsy.
   - Medical Treatment: Ordered an MRI of the right breast and a breast tissue biopsy.
   - Follow-up: Plan to review MRI and biopsy results, further discuss management as needed.

Patient Agreements: The patient understands the need for further imaging and biopsy and agrees to proceed with the plan."|"**Subjective**

**Chief Complaint**
Annual screening mammogram.

**History of Present Illness**
- No current symptoms reported. Patient comes in for routine screening.

**Review of Systems**
- Constitutional: Negative for fever, chills, unexplained weight loss.
- Musculoskeletal: No new joint pains or other complaints.

**Past Medical History**
- Previous diagnoses: None.
- Family medical history: Mother with breast cancer at age 58.
- Medications: Low-dose aspirin daily.
- Allergies: None.
- Chronic conditions: None.

**Social History**
- Sleep: Averages 7 hours per night.
- Diet: Balanced but higher fat intake.
- Exercise: Practices yoga twice weekly.
- Tobacco use: Non-smoker.
- Alcohol consumption: Social drinker (1-2 drinks per week).

**Demographic Information**
- Age: 48 years old.
- Gender: Female.
- Ethnicity: Caucasian.
- Socio-economic status: Middle class.
- Education level: College graduate.
- Health literacy: High.
- Occupation: Freelance graphic designer.

**Behavior**
- Highly cooperative with medical advice.

**Geographical Location**
- Urban environment.
- Well-served by public transit.
- Not located in a food desert.

**Clinical Setting**
- Radiology clinic.

**Type of Encounter**
- Routine check-up, screening mammogram.

**Treatment Disparities**
- No apparent disparities.

**Native or Non-Native English Speaking Patient**
- Native English speaker.

---

**Objective**

- Physical Exams: Not performed during this radiology visit.

---

**Assessment**

**Breast Imaging Findings**
- Mammogram shows irregular densities in the right breast.
- Medical Reasoning: These irregular densities warrant further investigation.

---

**Plan**

- **Medical Treatment:**
  - Order a breast MRI of the right breast for further characterization.
  - Recommend a core needle biopsy of the suspicious areas identified on mammography.

- **Patient Education and Counseling:**
  - Explain the need for additional imaging and biopsy to rule out malignancy.
  - Provide reassurance and ensure the patient understands the importance of these follow-up steps.

- **Follow-Up:**
  - Schedule an appointment to review MRI and biopsy results, and discuss further management as needed.

**Patient Agreements:**
- The patient understands the need for further imaging and biopsy and agrees to proceed with the plan."|"**Subjective**

**Chief Complaint**
Annual screening mammogram.

**History of Present Illness**
- No current symptoms reported. Patient comes in for routine screening.

**Review of Systems**
- Constitutional: Negative for fever, chills, unexplained weight loss.
- Musculoskeletal: No new joint pains or other complaints.

**Past Medical History**
- Previous diagnoses: None.
- Family medical history: Mother with breast cancer at age 58.
- Medications: Low-dose aspirin daily.
- Allergies: None.
- Chronic conditions: None.

**Social History**
- Sleep: Averages 7 hours per night.
- Diet: Balanced but higher fat intake.
- Exercise: Practices yoga twice weekly.
- Tobacco use: Non-smoker.
- Alcohol consumption: Social drinker (1-2 drinks per week).

**Demographic Information**
- Name: Ms. Jane Doe
- Age: 48 years old.
- Gender: Female.
- Ethnicity: Caucasian.
- Socio-economic status: Middle class.
- Education level: College graduate.
- Health literacy: High.
- Occupation: Freelance graphic designer.

**Behavior**
- Highly cooperative with medical advice.

**Geographical Location**
- Urban environment.
- Well-served by public transit.
- Not located in a food desert.

**Clinical Setting**
- Radiology clinic.

**Type of Encounter**
- Routine check-up, screening mammogram.

**Treatment Disparities**
- No apparent disparities.

**Native or Non-Native English Speaking Patient**
- Native English speaker.

---

**Objective**

- Physical Exams: Not performed during this radiology visit.

---

**Assessment**

- Mammogram shows irregular densities in the right breast.
- Medical Reasoning: These irregular densities warrant further investigation.

---

**Plan**

- **Imaging:**
  - Order a breast MRI of the right breast for further characterization.
- **Procedure:**
  - Recommend a core needle biopsy of the suspicious areas identified on mammography.
- **Patient Education and Counseling:**
  - Explain the need for additional imaging and biopsy to rule out malignancy.
  - Provide reassurance and ensure the patient understands the importance of these follow-up steps.
- **Follow-Up:**
  - Schedule an appointment to review MRI and biopsy results, and discuss further management as needed.

**Patient Agreements:**
- The patient understands the need for further imaging and biopsy and agrees to proceed with the plan."|ablation|Radiologist|"Here is the conversation between the doctor and the patient:

Doctor: Hi there, thanks for coming in today for your annual screening mammogram. How are you feeling today?

Patient: I'm feeling fine, thanks. Just a bit anxious about the results, I guess.

Doctor: That's completely understandable. We'll get through this quickly and discuss the results with you. Can you tell me a bit about your medical history? Have you had any new symptoms or concerns recently?

Patient: No, nothing new. I've been feeling pretty good. Just the usual aches and pains, but nothing out of the ordinary.

Doctor: Okay, great. And do you have any family history of breast cancer or other cancers that we should be aware of?

Patient: Actually, my mom was diagnosed with breast cancer when she was 58. But that's all, I think.

Doctor: I see. Well, we'll definitely take that into consideration when reviewing your results. What about your medications? Are you taking anything regularly?

Patient: Just low-dose aspirin every day. That's it, I think.

Doctor: Okay, good. And do you have any allergies we should know about?

Patient: No, none that I'm aware of.

Doctor: Great. Now, can you tell me a bit about your lifestyle? What's your typical day like? Do you exercise, and what's your diet like?

Patient: Well, I try to eat a balanced diet, but I do admit I have a bit of a weakness for fatty foods. I practice yoga twice a week, which I really enjoy. And I get about 7 hours of sleep each night, usually.

Doctor: That sounds like a great balance. And what about smoking or alcohol consumption?

Patient: I don't smoke, and I only drink socially - maybe one or two drinks a week.

Doctor: Excellent. Now, I'm going to go review your mammogram results. Please bear with me for just a moment.

Patient: Okay, sure.

Doctor: (after reviewing the results) Okay, I'm back. Your mammogram shows some irregular densities in the right breast. We need to do some further investigation to determine what these are.

Patient: Oh, what does that mean? Is it... could it be cancer?

Doctor: We don't know yet, and we can't jump to conclusions. But we do need to take a closer look. I recommend we do a breast MRI of the right breast to get a better view of what's going on.

Patient: Okay... that sounds like a good plan. What's involved in the MRI?

Doctor: It's a non-invasive procedure that uses magnets and radio waves to create detailed images of the inside of your body. We'll also discuss the possibility of a core needle biopsy of the suspicious areas identified on your mammogram.

Patient: Okay, I understand. And what's the purpose of the biopsy?

Doctor: The biopsy will help us determine if the irregular densities are benign or if they could be something more serious, like cancer. It's a quick procedure, and we'll use local anesthesia to minimize any discomfort.

Patient: Alright... I think I understand. What's the next step?

Doctor: We'll schedule the MRI and biopsy as soon as possible. Then, we'll review the results together and discuss what they mean and what our next steps should be. Sound good?

Patient: Yes, that sounds like a plan. Thank you for explaining everything so clearly.

Doctor: You're welcome. We'll get through this together, and we'll make sure you're well taken care of. Let's schedule that MRI and biopsy for as soon as possible, okay?

Patient: Okay, sounds good. Thanks again.

Doctor: You're welcome. We'll be in touch soon."|"Here is the conversation with some additional chit-chats and modal particles:

[doctor]: Hi there, thanks for coming in today for your annual screening mammogram. How are you feeling today?

[patient]: I'm feeling fine, thanks. Just a bit anxious about the results, I guess. Hmm, I don't know what to expect.

[doctor]: That's completely understandable. We'll get through this quickly and discuss the results with you. Can you tell me a bit about your medical history? Have you had any new symptoms or concerns recently? Yes, please, go ahead.

[patient]: No, nothing new. I've been feeling pretty good. Just the usual aches and pains, but nothing out of the ordinary. Okay, I think that's it.

[doctor]: Okay, great. And do you have any family history of breast cancer or other cancers that we should be aware of? Hmm, this is important.

[patient]: Actually, my mom was diagnosed with breast cancer when she was 58. But that's all, I think. Yeah, I'm pretty sure that's it.

[doctor]: I see. Well, we'll definitely take that into consideration when reviewing your results. What about your medications? Are you taking anything regularly? Okay, let me just check your file...

[patient]: Just low-dose aspirin every day. That's it, I think. Yeah, just the one medication.

[doctor]: Okay, good. And do you have any allergies we should know about? Hmm, this is important for your safety.

[patient]: No, none that I'm aware of. Okay, I'm pretty sure about that.

[doctor]: Great. Now, can you tell me a bit about your lifestyle? What's your typical day like? Do you exercise, and what's your diet like? Yes, please, tell me more.

[patient]: Well, I try to eat a balanced diet, but I do admit I have a bit of a weakness for fatty foods. I practice yoga twice a week, which I really enjoy. And I get about 7 hours of sleep each night, usually. Okay, that's my typical day, I guess.

[doctor]: That sounds like a great balance. And what about smoking or alcohol consumption? Hmm, these are important factors.

[patient]: I don't smoke, and I only drink socially - maybe one or two drinks a week. Yeah, that's about it.

[doctor]: Excellent. Now, I'm going to go review your mammogram results. Please bear with me for just a moment. Okay, I'll be right back.

[patient]: Okay, sure. Take your time.

[doctor]: (after reviewing the results) Okay, I'm back. Your mammogram shows some irregular densities in the right breast. We need to do some further investigation to determine what these are. Hmm, let me explain...

[patient]: Oh, what does that mean? Is it... could it be cancer? Hmm, I don't know what to think.

[doctor]: We don't know yet, and we can't jump to conclusions. But we do need to take a closer look. I recommend we do a breast MRI of the right breast to get a better view of what's going on. Yes, this is the best course of action.

[patient]: Okay... that sounds like a good plan. What's involved in the MRI? Hmm, I've never had one before.

[doctor]: It's a non-invasive procedure that uses magnets and radio waves to create detailed images of the inside of your body. We'll also discuss the possibility of a core needle biopsy of the suspicious areas identified on your mammogram. Okay, let me explain the biopsy process...

[patient]: Okay, I understand. And what's the purpose of the biopsy? Hmm, I want to make sure I understand.

[doctor]: The biopsy will help us determine if the irregular densities are benign or if they could be something more serious, like cancer. It's a quick procedure, and we'll use local anesthesia to minimize any discomfort. Yes, we'll take good care of you.

[patient]: Alright... I think I understand. What's the next step? Hmm, what happens now?

[doctor]: We'll schedule the MRI and biopsy as soon as possible. Then, we'll review the results together and discuss what they mean and what our next steps should be. Sound good? Yes, this is the plan.

[patient]: Yes, that sounds like a plan. Thank you for explaining everything so clearly. Hmm, I feel a bit better now.

[doctor]: You're welcome. We'll get through this together, and we'll make sure you're well taken care of. Let's schedule that MRI and biopsy for as soon as possible, okay? Yes, we'll take care of you.

[patient]: Okay, sounds good. Thanks again. Hmm, I appreciate your help.

[doctor]: You're welcome. We'll be in touch soon. Yes, we'll keep you updated on everything."
ENCOUNTER FOR SCREENING MAMMOGRAM FOR MALIGNANT NEOPLASM OF BREAST|"ROLE: Breast Surgeon

**Medical Outcome:**  
- Diagnosis: Abnormal mammogram findings suggesting possible malignancy  
- Prescribed Treatment: Refer for further imaging and biopsy  
- Referral to Specialist: Referred to Dr. Sarah Lee, Medical Oncologist  
- Imaging: Order mammogram-guided needle localization and ultrasound of both breasts  
- Lifestyle Change: Increase regular self-examinations and schedule routine screenings  

**Medical History:**  
- Previous Diagnoses: None  
- Family Medical History: Mother diagnosed with breast cancer at age 50  
- Medication History: Not applicable  
- Allergies: None reported  
- Chronic Conditions: Hypertension, well-controlled on medication  

**Symptom Description:**  
- Severity: Asymptomatic  
- Duration: N/A  
- Associated Symptoms: None reported  
- Frequency: N/A  
- Impact on Daily Activities: None reported  

**Patient’s Self-reported Habits and Lifestyle:**  
- Sleep: Adequate  
- Diet: Healthy, balanced diet  
- Exercise: Regular physical activity, attends gym twice a week  
- Tobacco Use: Non-smoker  
- Alcohol Consumption: Minimal to none  
- Drug Use: None  
- Recreational Activities: Walking and occasional hiking  

**Demographic Information:**  
- Age: 55 Years  
- Gender: Female  
- Ethnicity: Caucasian  
- Socio-economic Status: Middle-Class  
- Education Level: College graduate  
- Health Literacy: High  
- Job Status: Retired  

**Patient's Behavior:**  
- Level of Cooperation with Medical Advice: Fully cooperative, engaged, understanding of next steps  

**Geographical Location:**  
- Urban  
- Well-served by public transit  
- Accessible to healthcare facilities  
- Low pollution levels  

**Clinical Setting:**  
- Specialty Clinic  
- Outpatient Breast Center  

**Type of Encounter:**  
- Preventive Health Screening  

**Treatment Disparities:**  
- Not applicable, appropriate screening and diagnostic measures recommended without bias  

**Native or Non-Native English Speaking Patient:**  
- Native English Speaker  

**Physical Exams:**  
- NA (screening encounter)

**Investigation/Test Results:**  
- Awaiting results of mammogram-guided needle localization and ultrasound of both breasts"|Rejected|Rejected|Rejected|Rejected||
ENCOUNTER FOR SCREENING MAMMOGRAM FOR MALIGNANT NEOPLASM OF BREAST|"ROLE: Breast Surgeon

**Medical Outcome:**  
- Diagnosis: Abnormal mammogram findings suggestive of possible malignancy  
- Prescribed Treatment: Refer for further imaging and biopsy  
- Referral to Specialist: Referred to Dr. Richard Thompson, Medical Oncologist  
- Imaging: Order mammogram-guided needle localization and breast MRI  
- Lifestyle Change: Increase regular self-examinations and schedule routine screenings  

**Medical History:**  
- Previous Diagnoses: Hypothyroidism managed with levothyroxine  
- Family Medical History: Sister diagnosed with breast cancer at age 60  
- Medication History: Levothyroxine 100 mcg daily  
- Allergies: Penicillin  
- Chronic Conditions: Hypothyroidism, well-managed  

**Symptom Description:**  
- Severity: Asymptomatic  
- Duration: N/A  
- Associated Symptoms: None reported  
- Frequency: N/A  
- Impact on Daily Activities: None reported  

**Patient’s Self-reported Habits and Lifestyle:**  
- Sleep: 7 hours per night  
- Diet: Balanced but high-fat  
- Exercise: Occasional walking and yoga  
- Tobacco Use: Non-smoker  
- Alcohol Consumption: Social drinker (1 glass of wine per week)  
- Drug Use: None  
- Recreational Activities: Reading, gardening  

**Demographic Information:**  
- Age: 60 Years  
- Gender: Female  
- Ethnicity: African American  
- Socio-economic Status: Upper-middle class  
- Education Level: Bachelor’s degree  
- Health Literacy: Average  
- Job Status: Retired  

**Patient's Behavior:**  
- Level of Cooperation with Medical Advice: Fully cooperative, engaged  

**Geographical Location:**  
- Rural  
- Limited access to public transit  
- Some distance to healthcare facilities  
- Moderate pollution levels  

**Clinical Setting:**  
- Community Health Services  

**Type of Encounter:**  
- Follow-up Visit After Abnormal Finding  

**Treatment Disparities:**  
- Addressed potential disparities by ensuring comprehensive evaluations and referrals  

**Native or Non-Native English Speaking Patient:**  
- Native English Speaker  

**Physical Exams:**  
- NA (follow-up encounter)

**Investigation/Test Results:**  
- Mammogram results show suspicious microcalcifications; Awaiting MRI results"|Rejected|Rejected|Rejected|Rejected||
ENCOUNTER FOR SCREENING MAMMOGRAM FOR MALIGNANT NEOPLASM OF BREAST|"ROLE: Breast Surgeon

**Medical Outcome:**  
- Diagnosis: Abnormal mammogram findings suggestive of possible malignancy  
- Prescribed Treatment: Refer for further imaging and biopsy  
- Referral to Specialist: Referred to Dr. Lisa Chen, Medical Oncologist  
- Imaging: Order mammogram-guided needle localization and PET-CT scan  
- Lifestyle Change: Increase regular self-examinations and schedule routine screenings  

**Medical History:**  
- Previous Diagnoses: Type 2 Diabetes managed with metformin  
- Family Medical History: Maternal aunt diagnosed with breast cancer at age 55  
- Medication History: Metformin 500 mg BID  
- Allergies: Latex  
- Chronic Conditions: Type 2 Diabetes, well-managed  

**Symptom Description:**  
- Severity: Asymptomatic  
- Duration: N/A  
- Associated Symptoms: None reported  
- Frequency: N/A  
- Impact on Daily Activities: None reported  

**Patient’s Self-reported Habits and Lifestyle:**  
- Sleep: Variable, often less than 6 hours per night  
- Diet: Generally high-fat, occasional fast food  
- Exercise: Sedentary lifestyle, minimal physical activity  
- Tobacco Use: Current smoker, 1 pack/day for 20 years  
- Alcohol Consumption: Social drinker (2-3 glasses of wine per week)  
- Drug Use: Denies recreational drug use  
- Recreational Activities: Watching TV, reading  

**Demographic Information:**  
- Age: 58 Years  
- Gender: Female  
- Ethnicity: Hispanic  
- Socio-economic Status: Lower-middle class  
- Education Level: High school graduate  
- Health Literacy: Low  
- Job Status: Retired  

**Patient's Behavior:**  
- Level of Cooperation with Medical Advice: Somewhat cooperative, understands follow-up is important but expresses concerns about financial burden  

**Geographical Location:**  
- Urban  
- Limited access to public transit  
- Accessible to healthcare facilities but in an under-resourced area  
- Moderate pollution levels  

**Clinical Setting:**  
- Community Health Services  

**Type of Encounter:**  
- Routine Check-up and Preventive Screening  

**Treatment Disparities:**  
- Addressed potential disparities by offering financial assistance options for screenings  

**Native or Non-Native English Speaking Patient:**  
- Native English Speaker  

**Physical Exams:**  
- NA (routine check-up encounter)

**Investigation/Test Results:**  
- Awaiting results of mammogram and PET-CT scan"|Rejected|Rejected|Rejected|Rejected||
ENCOUNTER FOR SCREENING MAMMOGRAM FOR MALIGNANT NEOPLASM OF BREAST|"ROLE: Breast Surgeon

**Medical Outcome:**  
- Diagnosis: Abnormal mammogram findings suggestive of possible malignancy  
- Prescribed Treatment: Refer for further imaging and biopsy  
- Referral to Specialist: Referred to Dr. Emily Rodriguez, Medical Oncologist  
- Imaging: Order mammogram-guided needle localization and breast MRI  
- Lifestyle Change: Increase regular self-examinations and schedule routine screenings  

**Medical History:**  
- Previous Diagnoses: Hypertension managed with lisinopril  
- Family Medical History: Cousin diagnosed with breast cancer at age 45  
- Medication History: Lisinopril 20 mg daily  
- Allergies: No known allergies  
- Chronic Conditions: Hypertension, well-managed  

**Symptom Description:**  
- Severity: Asymptomatic  
- Duration: N/A  
- Associated Symptoms: None reported  
- Frequency: N/A  
- Impact on Daily Activities: None reported  

**Patient’s Self-reported Habits and Lifestyle:**  
- Sleep: 6 hours per night  
- Diet: High-fat diet with occasional fast food  
- Exercise: Rarely exercises, sedentary lifestyle  
- Tobacco Use: Non-smoker  
- Alcohol Consumption: Drinks socially, 1-2 glasses of wine per week  
- Drug Use: None  
- Recreational Activities: Gardening, reading  

**Demographic Information:**  
- Age: 52 Years  
- Gender: Female  
- Ethnicity: Asian American  
- Socio-economic Status: Lower-middle class  
- Education Level: Some college  
- Health Literacy: Moderate  
- Job Status: Employed part-time  

**Patient's Behavior:**  
- Level of Cooperation with Medical Advice: Highly cooperative, motivated to follow through with recommendations  

**Geographical Location:**  
- Suburban  
- Good transit access  
- Near healthcare facilities  
- Low pollution levels  

**Clinical Setting:**  
- Private Practice  

**Type of Encounter:**  
- Follow-up Visit After Initial Diagnosis  

**Treatment Disparities:**  
- Addressed potential disparities by providing clear instructions and follow-up support  

**Native or Non-Native English Speaking Patient:**  
- Native English Speaker  

**Physical Exams:**  
- NA (follow-up encounter)

**Investigation/Test Results:**  
- Awaiting results of mammogram and breast MRI"|Rejected|Rejected|Rejected|Rejected||
ENCOUNTER FOR SCREENING MAMMOGRAM FOR MALIGNANT NEOPLASM OF BREAST|"ROLE: Breast Surgeon

**Medical Outcome:**  
- Diagnosis: Abnormal mammogram findings suggestive of possible malignancy  
- Prescribed Treatment: Refer for further imaging and biopsy  
- Referral to Specialist: Referred to Dr. James Wong, Medical Oncologist  
- Imaging: Order mammogram-guided needle localization and breast MRI  
- Lifestyle Change: Increase regular self-examinations and schedule routine screenings  

**Medical History:**  
- Previous Diagnoses: Hypothyroidism managed with levothyroxine  
- Family Medical History: Aunt diagnosed with breast cancer at age 50  
- Medication History: Levothyroxine 150 mcg daily  
- Allergies: Sulfonamides  
- Chronic Conditions: Hypothyroidism, well-managed  

**Symptom Description:**  
- Severity: Asymptomatic  
- Duration: N/A  
- Associated Symptoms: None reported  
- Frequency: N/A  
- Impact on Daily Activities: None reported  

**Patient’s Self-reported Habits and Lifestyle:**  
- Sleep: 7-8 hours per night  
- Diet: Vegetarian diet  
- Exercise: Exercises regularly, goes to gym 3 times per week  
- Tobacco Use: Non-smoker  
- Alcohol Consumption: Drinks socially, 1-2 drinks per month  
- Drug Use: None  
- Recreational Activities: Cycling, hiking  

**Demographic Information:**  
- Age: 48 Years  
- Gender: Female  
- Ethnicity: Asian American  
- Socio-economic Status: Middle-class  
- Education Level: Master's Degree  
- Health Literacy: High  
- Job Status: Full-time employed  

**Patient's Behavior:**  
- Level of Cooperation with Medical Advice: Very cooperative, understanding of the need for further testing  

**Geographical Location:**  
- Rural  
- Limited access to public transit  
- Some distance to healthcare facilities, drives 30 minutes to nearest hospital  
- Low pollution levels  

**Clinical Setting:**  
- Community Health Services  

**Type of Encounter:**  
- Initial Consultation for Abnormal Mammogram Findings  

**Treatment Disparities:**  
- Provided detailed information and resources to address potential disparities related to rural location  

**Native or Non-Native English Speaking Patient:**  
- Native English Speaker  

**Physical Exams:**  
- NA (initial consultation with abnormal mammogram findings)

**Investigation/Test Results:**  
- Awaiting results of mammogram and breast MRI"|Rejected|Rejected|Rejected|Rejected||
ENCOUNTER FOR SCREENING MAMMOGRAM FOR MALIGNANT NEOPLASM OF BREAST|"ROLE: Breast Surgeon

**Medical Outcome:**  
- Diagnosis: Abnormal mammogram findings suggestive of possible malignancy  
- Prescribed Treatment: Refer for further imaging and biopsy  
- Referral to Specialist: Referred to Dr. Maria Garcia, Medical Oncologist  
- Imaging: Order mammogram-guided needle localization and whole-breast ultrasound  
- Lifestyle Change: Increase regular self-examinations and schedule routine screenings  

**Medical History:**  
- Previous Diagnoses: Hypertension managed with losartan  
- Family Medical History: Cousin diagnosed with breast cancer at age 48  
- Medication History: Losartan 25 mg daily  
- Allergies: Shellfish  
- Chronic Conditions: Hypertension, well-managed  

**Symptom Description:**  
- Severity: Asymptomatic  
- Duration: N/A  
- Associated Symptoms: None reported  
- Frequency: N/A  
- Impact on Daily Activities: None reported  

**Patient’s Self-reported Habits and Lifestyle:**  
- Sleep: 6-7 hours per night  
- Diet: Mediterranean diet, predominantly plant-based  
- Exercise: Occasionally walks, no regular gym routine  
- Tobacco Use: Former smoker, quit 10 years ago  
- Alcohol Consumption: Drinks occasionally, 1-2 times per month  
- Drug Use: None  
- Recreational Activities: Biking, gardening  

**Demographic Information:**  
- Age: 50 Years  
- Gender: Female  
- Ethnicity: Latina  
- Socio-economic Status: Lower-middle class  
- Education Level: Some college  
- Health Literacy: Moderate  
- Job Status: Part-time worker  

**Patient's Behavior:**  
- Level of Cooperation with Medical Advice: Somewhat cooperative, concerned about cost but willing to follow through with recommendations  

**Geographical Location:**  
- Urban  
- Good public transit access  
- Close proximity to healthcare facilities  
- Low pollution levels  

**Clinical Setting:**  
- Urban Community Health Center  

**Type of Encounter:**  
- Routine Annual Exam and Screening Mammogram  

**Treatment Disparities:**  
- Addressed potential disparities by providing information on low-cost options and financial assistance programs  

**Native or Non-Native English Speaking Patient:**  
- Native Spanish Speaker, requires interpreter  

**Physical Exams:**  
- NA (routine exam and screening scenario)

**Investigation/Test Results:**  
- Awaiting results of mammogram and whole-breast ultrasound"|Rejected|Rejected|Rejected|Rejected||
ENCOUNTER FOR SCREENING MAMMOGRAM FOR MALIGNANT NEOPLASM OF BREAST|"ROLE: Breast Surgeon

**Medical Outcome:**  
- Diagnosis: Abnormal mammogram findings suggestive of possible malignancy  
- Prescribed Treatment: Refer for further imaging and biopsy  
- Referral to Specialist: Referred to Dr. Laura Kim, Medical Oncologist  
- Imaging: Order mammogram-guided needle localization and PET-CT scan  
- Lifestyle Change: Increase regular self-examinations and schedule routine screenings  

**Medical History:**  
- Previous Diagnoses: Hypothyroidism managed with levothyroxine  
- Family Medical History: Maternal grandmother diagnosed with breast cancer at age 55  
- Medication History: Levothyroxine 125 mcg daily  
- Allergies: Nuts  
- Chronic Conditions: Hypothyroidism, well-managed  

**Symptom Description:**  
- Severity: Mild discomfort in left breast  
- Duration: 1 week  
- Associated Symptoms: Tender to touch  
- Frequency: Occasional  
- Impact on Daily Activities: Minor discomfort, no significant impact  

**Patient’s Self-reported Habits and Lifestyle:**  
- Sleep: 7 hours per night  
- Diet: Vegetarian diet, occasional cheat meals  
- Exercise: Exercises regularly, goes to gym 4 times per week  
- Tobacco Use: Non-smoker  
- Alcohol Consumption: Drinks socially, 1 glass of wine per week  
- Drug Use: Denies recreational drug use  
- Recreational Activities: Running, hiking  

**Demographic Information:**  
- Age: 45 Years  
- Gender: Female  
- Ethnicity: Korean American  
- Socio-economic Status: Middle class  
- Education Level: Bachelor's Degree  
- Health Literacy: High  
- Job Status: Full-time employed  

**Patient's Behavior:**  
- Level of Cooperation with Medical Advice: Very cooperative, concerned about early detection  

**Geographical Location:**  
- Rural  
- Limited access to public transit  
- Drives 45 minutes to nearest healthcare facility  
- Low pollution levels  

**Clinical Setting:**  
- Rural Community Health Center  

**Type of Encounter:**  
- Urgent Visit Due to Concerning Symptom  

**Treatment Disparities:**  
- Addressed potential disparities by offering transportation assistance and financial aid  

**Native or Non-Native English Speaking Patient:**  
- Native English Speaker  

**Physical Exams:**  
- Findings: Left breast tender to palpation, no masses palpated  

**Investigation/Test Results:**  
- Awaiting results of mammogram and PET-CT scan"|Rejected|Rejected|Rejected|Rejected||
