Disease Description|Scenario|Note|Polished Note|Role
GANGRENE, NOT ELSEWHERE CLASSIFIED|"ROLE: Vascular Surgeon

Demographic Information:
- Age: 72
- Gender: Male
- Ethnicity: Caucasian
- Socio-economic Status: Middle class
- Education Level: High school graduate
- Health Literacy: Fair
- Job Status: Retired

Patient's Behavior:
- Mostly compliant with medical advice, but occasionally misses follow-up appointments.

Geographical Location:
- Small city
- Neighborhood Type: Suburban
- Environment: Low pollution, well-served by transit, adequate access to healthcare facilities.

Clinical Setting:
- Private Practice

Type of Encounter:
- Initial Consultation

Medical History:
- Previous Diagnoses: Type 2 Diabetes Mellitus, Peripheral arterial disease (PAD)
- Family Medical History: Father had heart disease, mother had Type 2 Diabetes
- Medication History: Metformin 500 mg twice daily, Lisinopril 10 mg daily
- Allergies: No known drug allergies
- Chronic Conditions: Hypertension, Hyperlipidemia

Symptom Description:
- Severity: Severe pain and discoloration in left foot.
- Duration: 2 weeks
- Associated Symptoms: Numbness, foul odor from affected area, foot ulcer.
- Frequency: Constant pain
- Impact on Daily Activities: Unable to walk without assistance.

Patient’s self-reported habits and lifestyle:
- Sleep: Reports poor sleep due to pain.
- Diet: High in carbohydrates, inconsistent with diabetes management.
- Exercise: Sedentary lifestyle.
- Tobacco Use: Smokes approximately 1 pack per day, 30-year history.
- Alcohol Consumption: Occasional, 1-2 drinks per week.
- Drug Use: Denies any illicit drug use.
- Recreational Activities: Enjoys gardening but has difficulty due to pain.

Medical Outcome:
- Diagnosis: Gangrene, not elsewhere classified (ICD-10 code)
- Prescribed Treatment: Immediate hospitalization for surgical debridement.
- Medication Adjustment: Initiate broad-spectrum antibiotics - Vancomycin 1 g IV every 12 hours and Piperacillin-Tazobactam 3.375 g IV every 6 hours.
- Lifestyle Change: Strongly advised to quit smoking, referral for smoking cessation program.
- Referral to Specialists: Vascular surgery team consult for possible revascularization, Dr. Jameson.
- Further tests: Order for Angiography to evaluate blood flow to lower extremity.
- Blood work: CBC, CRP, ESR, Biochemistry panel including liver and kidney function tests.

Physical exams:
- Inspection: Severe discoloration and necrosis of the left foot, foul odor present.
- Palpation: No detectable pulses in the left foot, cold to touch.
- Neurological: Absent sensation in the affected area.

Investigation/Test results:
- Awaiting results from blood work and angiography."|"**1. Subjective:**

**Chief Complaint (CC):**
- Severe pain and discoloration in the left foot, constant for the past 2 weeks.

**History of Present Illness (HPI):**
- The patient is a 72-year-old Caucasian male with a history of Type 2 Diabetes Mellitus and Peripheral Arterial Disease (PAD) who presents with severe pain and discoloration in the left foot. This has been ongoing for 2 weeks and is associated with numbness and a foul odor from the affected area. The patient also reports the presence of a foot ulcer and states that the pain has severely impacted his ability to walk, necessitating assistance.

**Review of Systems (ROS):**
- **General:** Reports difficulty sleeping due to pain. 
- **Cardiovascular:** No chest pain, but reports severe foot pain.
- **Respiratory:** No shortness of breath.
- **Gastrointestinal:** No recent changes in bowel or bladder habits.
- **Musculoskeletal:** Severe pain and numbness in the left foot.
- **Neurological:** Numbness in the left foot, denies any other neurological symptoms.

**2. Objective:**

**Vital Signs:**
- Blood Pressure: 150/90 mmHg
- Heart Rate: 88 bpm
- Respiratory Rate: 16 breaths/min
- Temperature: 98.6°F
- Oxygen Saturation: 96% on room air

**Physical Examination:**
- **General Appearance:** Alert, in acute distress due to pain.
- **Skin:** Severe discoloration and necrosis of the left foot. Foul odor present.
- **Cardiovascular:** No detectable pulses in the left foot. 
- **Musculoskeletal:** Left foot cold to touch.
- **Neurological:** Absent sensation in the affected area of the left foot.

**3. Assessment:**

- Gangrene of the left foot, likely secondary to Peripheral Arterial Disease (PAD) and poorly controlled Diabetes Mellitus.

**4. Plan:**

- **Immediate hospitalization** for surgical debridement.
- **Medication Adjustment:** Initiate broad-spectrum antibiotics:
  - Vancomycin 1 g IV every 12 hours
  - Piperacillin-Tazobactam 3.375 g IV every 6 hours
- **Lifestyle Change:** Strongly advised to quit smoking; referral for a smoking cessation program.
- **Referral to Specialists:** 
  - Vascular surgery team consult for possible revascularization, consult with Dr. Jameson.
- **Further Tests:**
  - Order angiography to evaluate blood flow to the lower extremity.
  - Blood work: CBC, CRP, ESR, biochemistry panel including liver and kidney function tests. 

The patient was educated on the importance of strict glycemic control and adherence to follow-up appointments to prevent further complications. The significance of lifestyle changes, including smoking cessation and diet modification, was thoroughly discussed and emphasized."|"**1. Subjective:**

**Chief Complaint (CC):**
- Severe pain and discoloration in the left foot, constant for the past 2 weeks.

**History of Present Illness (HPI):**
- The patient, Mr. John Anderson, is a 72-year-old Caucasian male with a history of Type 2 Diabetes Mellitus and Peripheral Arterial Disease (PAD) who presents with severe pain and discoloration in the left foot. This has been ongoing for 2 weeks and is associated with numbness and a foul odor from the affected area. The patient also reports the presence of a foot ulcer and states that the pain has severely impacted his ability to walk, necessitating assistance.

**Review of Systems (ROS):**
- **General:** Reports difficulty sleeping due to pain. 
- **Cardiovascular:** No chest pain, but reports severe foot pain.
- **Respiratory:** No shortness of breath.
- **Gastrointestinal:** No recent changes in bowel or bladder habits.
- **Musculoskeletal:** Severe pain and numbness in the left foot.
- **Neurological:** Numbness in the left foot, denies any other neurological symptoms.

**2. Objective:**

**Vital Signs:**
- Blood Pressure: 150/90 mmHg
- Heart Rate: 88 bpm
- Respiratory Rate: 16 breaths/min
- Temperature: 98.6°F
- Oxygen Saturation: 96% on room air

**Physical Examination:**
- **General Appearance:** Alert, in acute distress due to pain.
- **Skin:** Severe discoloration and necrosis of the left foot. Foul odor present.
- **Cardiovascular:** No detectable pulses in the left foot. 
- **Musculoskeletal:** Left foot cold to touch.
- **Neurological:** Absent sensation in the affected area of the left foot.

**3. Assessment:**

- Gangrene of the left foot, likely secondary to Peripheral Arterial Disease (PAD) and poorly controlled Diabetes Mellitus.

**4. Plan:**

- **Immediate hospitalization** for surgical debridement.
- **Medication Adjustment:** Initiate broad-spectrum antibiotics:
  - Vancomycin 1 g IV every 12 hours
  - Piperacillin-Tazobactam 3.375 g IV every 6 hours
- **Lifestyle Change:** Strongly advised to quit smoking; referral for a smoking cessation program.
- **Referral to Specialists:** 
  - Vascular surgery team consult for possible revascularization, consult with Dr. Jameson.
- **Further Tests:**
  - Order angiography to evaluate blood flow to the lower extremity.
  - Blood work: CBC, CRP, ESR, biochemistry panel including liver and kidney function tests. 

The patient was educated on the importance of strict glycemic control and adherence to follow-up appointments to prevent further complications. The significance of lifestyle changes, including smoking cessation and diet modification, was thoroughly discussed and emphasized."|Vascular Surgeon
GANGRENE, NOT ELSEWHERE CLASSIFIED|"ROLE: Vascular Surgeon

1) Medical Outcome:
   - Diagnosis: Gangrene, Not Elsewhere Classified
   - Prescribed Treatment: Intravenous antibiotics – Vancomycin 1g IV every 12 hours for 7 days 
   - Follow-Up Recommendations: Follow-up in 3 days for wound debridement assessment
   - Referral: Referral to a wound care specialist – Dr. Maria Hernandez for ongoing wound management
   - Imaging: Order for Doppler Ultrasound of Lower Extremities to assess blood flow and rule out arterial occlusion

2) Medical History:
   - Previous Diagnoses: Type 2 Diabetes Mellitus, Hypertension
   - Family Medical History: Father had peripheral vascular disease
   - Medication History: Metformin 500 mg BID, Lisinopril 10 mg daily, Atorvastatin 20 mg daily
   - Allergies: Penicillin
   - Chronic Conditions: Diabetes Mellitus, Hypertension

3) Symptom Description:
   - Severity: Severe, significant discoloration and foul odor
   - Duration: Symptoms began 1 week ago
   - Associated Symptoms: Swelling, exudate from wound, fever
   - Frequency: Constant
   - Impact on Daily Activities: Unable to walk without assistance

4) Patient’s self-reported habits and lifestyle:
   - Sleep: Reports difficulty sleeping due to pain
   - Diet: High in carbohydrates and processed foods
   - Exercise: Minimal, primarily sedentary
   - Tobacco Use: Smokes 1 pack per day
   - Alcohol Consumption: Occasional, approximately 2-3 beers per week
   - Drug Use: Denies recreational drug use
   - Recreational Activities: Limited, mostly watching TV

5) Demographic Information:
   - Age: 58
   - Gender: Male
   - Ethnicity: Hispanic
   - Socio-economic Status: Lower-middle class
   - Education Level: High school diploma
   - Health Literacy: Limited understanding of medical terms
   - Job Status: Unemployed

6) Patient's Behavior:
   - Cooperative but appears anxious and worried about potential amputation

7) Geographical Location:
   - Small City
   - Urban
   - Pollution and Environmental Health Risks: Moderate pollution level
   - Neighborhood Type: Impoverished, limited access to fresh food and medical services

8) Clinical Setting:
   - Hospitals

9) Type of Encounter:
   - Emergency Visit

10) Treatment Disparities:
   - Limited access to immediate surgical intervention due to financial constraints
   
11) Non-Native English Speaking Patient
   - Consulted with medical interpreter for better patient understanding

12) Physical exams:
   - Vascular examination: Weak pulse in dorsalis pedis and posterior tibial arteries bilaterally
   - Integumentary system examination: Blackened tissue on the right lower leg extending to the ankle, foul-smelling discharge, significant edema

13) Investigation/Test results:
   - Awaiting: CBC, CRP, ESR, Blood Cultures to rule out systemic infection
   - Imaging: Awaiting Doppler Ultrasound of Lower Extremities to assess blood flow"|"#####
**SUBJECTIVE**

**Chief Complaint (CC)**
Severe discoloration and foul odor in the right lower leg.

**History of Present Illness (HPI)**
Mr. Juan Lopez, a 58-year-old Hispanic male with a history of Type 2 Diabetes Mellitus and Hypertension, presents with severe discoloration and foul odor of the right lower leg. The symptoms began one week ago and have progressively worsened. He reports constant pain, swelling, and exudate from the wound, as well as a fever. The condition has affected his ability to walk without assistance. Mr. Lopez is very anxious and worried about the possibility of amputation.

**Review of Systems (ROS)**
- Constitutional: Reports fever and difficulty sleeping due to pain.
- Cardiovascular: History of hypertension; currently on Lisinopril.
- Endocrine: Type 2 Diabetes Mellitus; currently on Metformin.
- Integumentary: Severe discoloration and foul odor in the right lower leg.
- Musculoskeletal: Unable to walk without assistance due to pain.
- Neurological: No reported neurological deficits.
- Respiratory: No respiratory symptoms.
- Gastrointestinal: No gastrointestinal complaints.

**OBJECTIVE**

**Vital Signs**
- Blood Pressure: 145/90 mmHg
- Heart Rate: 88 bpm
- Respiratory Rate: 18 breaths/min
- Temperature: 38.3°C (100.9°F)
- Oxygen Saturation: 96% on room air

**Physical Examination**
- Neurological: Alert and oriented, no gross deficits.
- Cardiovascular: Regular rate and rhythm, weak pulse in dorsalis pedis and posterior tibial arteries bilaterally.
- Integumentary: Blackened tissue on the right lower leg extending to the ankle, foul-smelling discharge, significant edema.
- Musculoskeletal: Cannot bear weight on the right leg, pain reported on palpation.
- Respiratory: Lungs clear to auscultation bilaterally.

**Laboratory and Imaging**
- Awaiting: CBC, CRP, ESR, Blood Cultures.
- Imaging: Order for Doppler Ultrasound of Lower Extremities.

**ASSESSMENT**
- **Primary Diagnosis:** Gangrene, Not Elsewhere Classified.
- **Contributing Conditions:** Type 2 Diabetes Mellitus, Hypertension.

**PLAN**
1. **Medications:**
   - Initiate Intravenous antibiotics: Vancomycin 1g IV every 12 hours for 7 days.
   
2. **Follow-Up:**
   - Schedule follow-up in 3 days for wound debridement assessment.
   - Referral to a wound care specialist, Dr. Maria Hernandez, for ongoing wound management.
   
3. **Investigations:**
   - Order Doppler Ultrasound of Lower Extremities to assess blood flow and rule out arterial occlusion.
   
4. **Patient Education and Lifestyle Modifications:**
   - Discuss the importance of glycemic control and adherence to diabetic medication.
   - Advise smoking cessation and provide resources for tobacco cessation programs.
   - Nutritional counseling for a balanced diet to improve overall health and wound healing.
   
5. **Supportive Care:**
   - Pain management as needed with over-the-counter analgesics.
   - Elevate the affected limb to decrease swelling.

**INSTRUCTIONS**
- Return to the hospital for follow-up in 3 days or sooner if symptoms worsen.
- Monitor blood glucose levels closely and report any significant changes.
- Continue current medications for diabetes and hypertension.
- Ensure compliance with antibiotic therapy and instruction on recognizing signs of potential adverse reactions.

**Interpreter Services**
- Consult with a medical interpreter to ensure Mr. Lopez fully understands the diagnosis, treatment plan, and follow-up instructions.

#####
"|"#####
** 1. Subjective: **

**Chief Complaint (CC)**
Severe discoloration and foul odor in the right lower leg.

**History of Present Illness (HPI)**
Mr. Juan Lopez, a 58-year-old Hispanic male with a history of Type 2 Diabetes Mellitus and Hypertension, presents with severe discoloration and foul odor of the right lower leg. The symptoms began one week ago and have progressively worsened. He reports constant pain, swelling, and exudate from the wound, as well as a fever. The condition has affected his ability to walk without assistance. Mr. Lopez is very anxious and worried about the possibility of amputation.

**Review of Systems (ROS)**
- Constitutional: Reports fever and difficulty sleeping due to pain.
- Cardiovascular: History of hypertension; currently on Lisinopril.
- Endocrine: Type 2 Diabetes Mellitus; currently on Metformin.
- Integumentary: Severe discoloration and foul odor in the right lower leg.
- Musculoskeletal: Unable to walk without assistance due to pain.
- Neurological: No reported neurological deficits.
- Respiratory: No respiratory symptoms.
- Gastrointestinal: No gastrointestinal complaints.

** 2. Objective: **

**Vital Signs**
- Blood Pressure: 145/90 mmHg
- Heart Rate: 88 bpm
- Respiratory Rate: 18 breaths/min
- Temperature: 38.3°C (100.9°F)
- Oxygen Saturation: 96% on room air

**Physical Examination**
- Neurological: Alert and oriented, no gross deficits.
- Cardiovascular: Regular rate and rhythm, weak pulse in dorsalis pedis and posterior tibial arteries bilaterally.
- Integumentary: Blackened tissue on the right lower leg extending to the ankle, foul-smelling discharge, significant edema.
- Musculoskeletal: Cannot bear weight on the right leg, pain reported on palpation.
- Respiratory: Lungs clear to auscultation bilaterally.

**Laboratory and Imaging**
- Awaiting: CBC, CRP, ESR, Blood Cultures.

** 3. Assessment: **
- **Primary Diagnosis:** Gangrene, Not Elsewhere Classified.
- **Contributing Conditions:** Type 2 Diabetes Mellitus, Hypertension.

** 4. Plan: **
1. **Medications:**
   - Initiate Intravenous antibiotics: Vancomycin 1g IV every 12 hours for 7 days.
   
2. **Follow-Up:**
   - Schedule follow-up in 3 days for wound debridement assessment.
   - Referral to a wound care specialist, Dr. Maria Hernandez, for ongoing wound management.
   
3. **Investigations:**
   - Order Doppler Ultrasound of Lower Extremities to assess blood flow and rule out arterial occlusion.
   
4. **Patient Education and Lifestyle Modifications:**
   - Discuss the importance of glycemic control and adherence to diabetic medication.
   - Advise smoking cessation and provide resources for tobacco cessation programs.
   - Nutritional counseling for a balanced diet to improve overall health and wound healing.
   
5. **Supportive Care:**
   - Pain management as needed with over-the-counter analgesics.
   - Elevate the affected limb to decrease swelling.

**INSTRUCTIONS**
- Return to the hospital for follow-up in 3 days or sooner if symptoms worsen.
- Monitor blood glucose levels closely and report any significant changes.
- Continue current medications for diabetes and hypertension.
- Ensure compliance with antibiotic therapy and instruction on recognizing signs of potential adverse reactions.

**Interpreter Services**
- Consult with a medical interpreter to ensure Mr. Lopez fully understands the diagnosis, treatment plan, and follow-up instructions.

#####"|Vascular Surgeon
GANGRENE, NOT ELSEWHERE CLASSIFIED|"ROLE: General Surgeon

DEMOGRAPHIC INFORMATION
Age: 78
Gender: Female
Ethnicity: African American
Socio-economic Status: Middle-class
Education Level: Bachelor’s degree
Health Literacy: High
Job Status: Retired school teacher

MEDICAL HISTORY
Previous Diagnoses: Chronic Kidney Disease, Atrial Fibrillation
Family Medical History: Mother had hypertension, father had stroke
Medication History: Warfarin 5 mg daily, Amlodipine 10 mg daily
Allergies: Sulfa drugs
Chronic Conditions: Chronic Kidney Disease, Atrial Fibrillation

SYMPTOM DESCRIPTION
Severity: Severe
Duration: 2 weeks
Associated Symptoms: Numbness, discoloration of the toes, and progressive pain
Frequency: Persistent pain that worsens at night
Impact on Daily Activities: Limited mobility and reliance on walker

PATIENT’S SELF-REPORTED HABITS AND LIFESTYLE
Sleep: Poor sleep due to pain
Diet: Balanced, mostly home-cooked meals
Exercise: Light exercise, mainly walking with a walker
Tobacco Use: None
Alcohol Consumption: Occasionally, one glass of wine per week
Drug Use: None
Recreational Activities: Active in community activities and enjoys gardening

PATIENT'S BEHAVIOR
Level of cooperation: Highly cooperative

GEOGRAPHICAL LOCATION
Big City vs Small City: Small City
Rural vs Urban: Suburban
Pollution and Environmental Health Risks: Low pollution, minimal environmental health risks
Neighborhood Type: Affluent area, easy access to healthcare facilities

CLINICAL SETTING
Hospitals, Clinics, Telemedicine: Private Practice
Initial Consultation, Follow-up, Emergency Visit, Routine Check-up, Chronic Disease Management, Preventive Health Screening: Follow-up

PHYSICAL EXAMS
- General Inspection: Alert, well-oriented, in visible discomfort.
- Extremities: Right foot presents with significant necrosis of toes, cyanosis, and a foul-smelling discharge, with marked swelling above the ankle.

INVESTIGATION/TEST RESULTS
- Complete Blood Count (CBC): Elevated white blood cell count
- Blood Glucose Level: Normal
- Ankle-Brachial Index: 0.6 indicating peripheral arterial disease
- MRI of the Right Foot: Awaiting results to assess the extent of tissue involvement
- Culture and Sensitivity test of wound discharge: Awaiting results to identify causative pathogens

MEDICAL OUTCOME
- Diagnosis: Gangrene, not elsewhere classified
- Medical Treatment: Initiate broad-spectrum IV antibiotics (Ceftriaxone 2 g daily)
- Prescribed Treatment: Prescribe pain management medication (Gabapentin 300 mg three times daily)
- Follow-up Recommendations: Daily dressing change and wound care
- Referral to Specialists: Vascular Surgery, Dr. Robert Mason for surgical planning
- Order for Blood Work: Hematology and biochemistry panels for infection monitoring and kidney function
- Order for Imaging: Doppler Ultrasound of lower limb to evaluate blood flow

This revised scenario includes broader demographic and lifestyle changes, a different clinical setting and type of encounter, resulting in a scenario that should be sufficiently distinct from previously approved scenarios."|"#####
**1. Subjective:**

**Chief Complaint (CC):**
78-year-old female presents with significant necrosis and progressive pain in the right foot.

**History of Present Illness (HPI):**
The patient, a retired school teacher with a history of Chronic Kidney Disease and Atrial Fibrillation, reports severe and persistent pain in her right foot for the past two weeks. She notes numbness and discoloration of the toes, which has progressively worsened, particularly at night, limiting her mobility and requiring the use of a walker. She also mentions a foul-smelling discharge and swelling above the ankle. Despite a balanced diet and occasional light exercise, her symptoms have significantly impacted her daily activities and sleep quality.

**Review of Systems (ROS):**
- **Constitutional:** Denies fevers, chills; reports poor sleep due to pain.
- **Cardiovascular:** Positive for Atrial Fibrillation, managed with Warfarin.
- **Gastrointestinal:** No changes in bowel habits.
- **Genitourinary:** Chronic Kidney Disease, no new symptoms reported.
- **Musculoskeletal:** Limited mobility, relying on a walker.
- **Integumentary:** Necrosis and cyanosis of right toes with foul-smelling discharge.
- **Neurological:** Reports numbness in affected foot.

**2. Objective:**

**Physical Examination:**
- **General Inspection:** Alert, well-oriented, in visible discomfort.
- **Extremities:** Right foot with significant necrosis of toes, cyanosis, foul-smelling discharge, and marked swelling above the ankle.
- **Cardiovascular:** Irregularly irregular rhythm consistent with Atrial Fibrillation.
- **Respiratory:** Lungs clear to auscultation bilaterally.
- **Abdominal:** Soft, non-tender, no organomegaly.
- **Neurological:** Sensation decreased in the right foot.

**Investigation/ test results:**
- **Complete Blood Count (CBC):** Elevated white blood cell count indicating infection.
- **Blood Glucose Level:** Normal.
- **Ankle-Brachial Index:** 0.6 indicating peripheral arterial disease.
- **MRI of the Right Foot:** Awaiting results.
- **Culture and Sensitivity of wound discharge:** Awaiting results.

**3. Assessment:**

**Primary Diagnosis:**
- Gangrene of the right foot, not elsewhere classified.

**Differential Diagnoses:**
- Peripheral arterial disease.
- Diabetic foot ulcer (though blood glucose is normal).
- Chronic venous insufficiency.

**4. Plan:**

**Medical Treatment:**
- Initiate broad-spectrum IV antibiotics (Ceftriaxone 2 g daily).
- Prescribe pain management medication (Gabapentin 300 mg three times daily).

**Additional Testing/Imaging:**
- Await results from MRI to assess extent of tissue involvement.
- Await culture and sensitivity results to identify causative pathogens.
- Doppler Ultrasound of the lower limb to evaluate blood flow.

**Wound Care:**
- Daily dressing changes and local wound care.

**Specialist Referral:**
- Refer to Vascular Surgery (Dr. Robert Mason) for surgical planning and potential debridement or amputation if necessary.

**Follow-Up:**
- Daily wound care visits.
- Blood work: Hematology and biochemistry panels for infection monitoring and kidney function.

**Patient Education:**
- Discuss the importance of prompt treatment to prevent the spread of infection.
- Educate on signs of worsening condition that would necessitate immediate medical attention.
- Counseling on managing underlying conditions to prevent recurrence.

**Patient Agreement:**
The patient understands and agrees with the recommended medical treatment plan and the necessity for immediate referral to a vascular surgeon.
#####"|"**1. Subjective:**

**Chief Complaint (CC):**
78-year-old female presents with significant necrosis and progressive pain in the right foot.

**History of Present Illness (HPI):**
The patient, a retired school teacher with a history of Chronic Kidney Disease and Atrial Fibrillation, reports severe and persistent pain in her right foot for the past two weeks. She notes numbness and discoloration of the toes, which has progressively worsened, particularly at night, limiting her mobility and requiring the use of a walker. She also mentions a foul-smelling discharge and swelling above the ankle. Despite a balanced diet and occasional light exercise, her symptoms have significantly impacted her daily activities and sleep quality.

**Review of Systems (ROS):**
- **Constitutional:** Denies fevers, chills; reports poor sleep due to pain.
- **Cardiovascular:** Positive for Atrial Fibrillation, managed with Warfarin.
- **Gastrointestinal:** No changes in bowel habits.
- **Genitourinary:** Chronic Kidney Disease, no new symptoms reported.
- **Musculoskeletal:** Limited mobility, relying on a walker.
- **Integumentary:** Necrosis and cyanosis of right toes with foul-smelling discharge.
- **Neurological:** Reports numbness in affected foot.

**2. Objective:**

**Physical Examination:**
- **General Inspection:** Alert, well-oriented, in visible discomfort.
- **Extremities:** Right foot with significant necrosis of toes, cyanosis, foul-smelling discharge, and marked swelling above the ankle.
- **Cardiovascular:** Irregularly irregular rhythm consistent with Atrial Fibrillation.
- **Respiratory:** Lungs clear to auscultation bilaterally.
- **Abdominal:** Soft, non-tender, no organomegaly.
- **Neurological:** Sensation decreased in the right foot.

**Investigation/ test results:**
- **Complete Blood Count (CBC):** Elevated white blood cell count indicating infection.
- **Blood Glucose Level:** Normal.
- **Ankle-Brachial Index:** 0.6 indicating peripheral arterial disease.
- **MRI of the Right Foot:** Awaiting results.
- **Culture and Sensitivity of wound discharge:** Awaiting results.

**3. Assessment:**

**Primary Diagnosis:**
- Gangrene of the right foot, not elsewhere classified.

**Differential Diagnoses:**
- Peripheral arterial disease.
- Diabetic foot ulcer (though blood glucose is normal).
- Chronic venous insufficiency.

**4. Plan:**

**Medical Treatment:**
- Initiate broad-spectrum IV antibiotics (Ceftriaxone 2 g daily).
- Prescribe pain management medication (Gabapentin 300 mg three times daily).

**Additional Testing/Imaging:**
- Await results from MRI to assess extent of tissue involvement.
- Await culture and sensitivity results to identify causative pathogens.
- Doppler Ultrasound of the lower limb to evaluate blood flow.

**Wound Care:**
- Daily dressing changes and local wound care.

**Specialist Referral:**
- Refer to Vascular Surgery (Dr. Robert Mason) for surgical planning and potential debridement or amputation if necessary.

**Follow-Up:**
- Daily wound care visits.
- Blood work: Hematology and biochemistry panels for infection monitoring and kidney function.

**Patient Education:**
- Discuss the importance of prompt treatment to prevent the spread of infection.
- Educate on signs of worsening condition that would necessitate immediate medical attention.
- Counseling on managing underlying conditions to prevent recurrence.

**Patient Agreement:**
The patient understands and agrees with the recommended medical treatment plan and the necessity for immediate referral to a vascular surgeon."|General Surgeon
GANGRENE, NOT ELSEWHERE CLASSIFIED|"ROLE: Vascular Surgeon

- **Medical Outcome**:
  - Diagnosis: Gangrene, not elsewhere classified (ICD-10: A48.0)
  - Prescribed Treatment: Immediate surgical debridement
  - Follow-up recommendations: Bi-weekly wound care visits
  - Referral to specialists: Referral to Infectious Disease Specialist for antibiotic therapy
  - Prescribing Medication: 
    - Clindamycin, 600 mg, IV, every 6 hours, 10 days, IV bag
    - Metronidazole, 500 mg, IV, every 8 hours, 10 days, IV bag
  - Orders for Blood Work: 
    - Biochemistry: Liver Function Tests (LFTs), Renal Function Panel
    - Hematology: Complete Blood Count (CBC), Erythrocyte Sedimentation Rate (ESR)
  - Orders for Imaging: CT Scan of the lower extremity to assess the extent of the gangrene

- **Medical History**:
  - Previous Diagnoses: Chronic Obstructive Pulmonary Disease (COPD), Hyperlipidemia
  - Family Medical History: Mother had a stroke at 70, Father had coronary artery disease
  - Medication History: Atorvastatin, Albuterol Inhaler, Prednisone
  - Allergies: Sulfa drugs
  - Chronic Conditions: Hypertension, Chronic Obstructive Pulmonary Disease (COPD), Hyperlipidemia

- **Symptom Description**:
  - Severity: Very severe
  - Duration: 7 days
  - Associated Symptoms: Severe pain, foul odor, fever, lethargy
  - Frequency: Constant
  - Impact on Daily Activities: Unable to attend work, severe limitation in mobility

- **Patient’s Self-Reported Habits and Lifestyle**:
  - Sleep: Interrupted, mostly due to pain
  - Diet: Irregular meals, high salt and processed food intake
  - Exercise: Minimal physical activity
  - Tobacco Use: History of smoking, quit 3 years ago
  - Alcohol Consumption: Rarely, only on special occasions
  - Drug Use: None reported
  - Recreational Activities: Minimal recreational activity

- **Demographic Information**:
  - Age: 65 years
  - Gender: Female
  - Ethnicity: Hispanic
  - Socio-economic Status: Middle class
  - Education Level: College educated
  - Health Literacy: Moderate understanding of medical conditions and terms
  - Job Status: Retired school teacher

- **Patient's Behavior**:
  - Compliance: Generally compliant but anxious about the severity of the current condition

- **Geographical Location**:
  - Big City vs Small City: Big City
  - Rural vs Urban: Urban
  - Pollution and Environmental Health Risks: High pollution levels
  - Neighborhood Type: Well-served by transit, not a food desert

- **Clinical Setting**:
  - Clinical Setting: Hospital Emergency Department

- **Type of Encounter**:
  - Emergency Visit

- **Treatment Disparities**:
  - Some treatment options limited by patient's fear of surgery and intensive medical interventions

- **Native or Non-Native English Speaking Patient**:
  - Non-Native English Speaking Patient

- **Physical exams**:
  - Cardiovascular: Feeble pedal pulses, edematous lower extremity
  - Integumentary: Necrotic tissue with pus, significant inflammation around the area
  - General: Febrile, tachycardic

- **Investigation/Test results**:
  - Tests awaiting:
    - Liver Function Tests (LFTs)
    - Renal Function Panel
    - Complete Blood Count (CBC)
    - Erythrocyte Sedimentation Rate (ESR)
    - CT Scan of the lower extremity to assess the extent of the gangrene"|"#####

**1. Subjective:**

**Chief Complaint (CC):**
Severe pain and foul odor in the lower extremity.

**History of Present Illness (HPI):**
Maria Gonzalez is a 65-year-old Hispanic female who presents to the emergency department with a 7-day history of severe pain, foul odor, and necrotic tissue in her lower extremity. The patient reports that the pain is constant and very severe, with associated symptoms of fever and lethargy. She has been unable to attend work and has experienced a severe limitation in mobility. Maria also notes interrupted sleep due to the pain.

**Review of Systems (ROS):**
- **Constitutional:** Reports fever, lethargy, and severe pain.
- **Cardiovascular:** Denies chest pain, reports feeble pedal pulses.
- **Respiratory:** History of Chronic Obstructive Pulmonary Disease (COPD).
- **Gastrointestinal:** Denies nausea and vomiting.
- **Integumentary:** Reports necrotic tissue with pus and significant inflammation around the affected area.
- **Neurological:** Denies recent changes in mental status but reports being anxious about her current condition.

**Patient’s Self-Reported Habits and Lifestyle:**
- **Sleep:** Interrupted, mostly due to pain.
- **Diet:** Irregular meals, high salt and processed food intake.
- **Exercise:** Minimal physical activity.
- **Tobacco Use:** History of smoking, quit 3 years ago.
- **Alcohol Consumption:** Rarely, only on special occasions.
- **Drug Use:** None reported.
- **Recreational Activities:** Minimal recreational activity.

**2. Objective:**

**Vitals:**
- BP: Pending
- HR: Tachycardic
- Temperature: Febrile
- SpO2: Pending
- Respiratory Rate: Pending

**Physical Exam:**
- **General:** Appears febrile and lethargic.
- **Cardiovascular:** Feeble pedal pulses, edematous lower extremity.
- **Integumentary:** Necrotic tissue with pus, significant inflammation around the area.
- **Respiratory:** Mild wheezing noted, consistent with COPD.
- **Extremity Examination:** Severe necrosis and purulent discharge in the affected lower extremity.

**Results:**
Pending: Liver Function Tests (LFTs), Renal Function Panel, Complete Blood Count (CBC), Erythrocyte Sedimentation Rate (ESR), CT Scan of the lower extremity to assess the extent of the gangrene.

**3. Assessment:**

Diagnosis:
- Gangrene, not elsewhere classified (ICD-10: A48.0)

**4. Plan:**

- **Immediate Treatment:**
  - Immediate surgical debridement to remove necrotic tissue and prevent further spread of infection.

- **Medications:**
  - Clindamycin, 600 mg, IV, every 6 hours, 10 days, IV bag.
  - Metronidazole, 500 mg, IV, every 8 hours, 10 days, IV bag.

- **Orders:**
  - Blood Work:
    - Biochemistry: Liver Function Tests (LFTs), Renal Function Panel.
    - Hematology: Complete Blood Count (CBC), Erythrocyte Sedimentation Rate (ESR).
  - Imaging:
    - CT Scan of the lower extremity to assess the extent of the gangrene.

- **Follow-up:**
  - Bi-weekly wound care visits to monitor healing and prevent complications.
  - Referral to Infectious Disease Specialist for comprehensive antibiotic therapy and follow-up.

- **Patient Education and Counseling:**
  - Discussed the severity of the condition and the necessity of immediate surgical intervention.
  - Addressed patient's anxiety and provided reassurance and detailed explanations regarding the treatment plan.
  - Informed about the importance of follow-up visits and compliance with medication.
  - Emphasized lifestyle modifications, including diet and exercise, to prevent future complications.

- **Referrals:**
  - Referral to Infectious Disease Specialist for antibiotic therapy management.

- **Notes:**
  - Patient is generally compliant but anxious about the severity of the current condition. Emphasized the importance of following the treatment plan to ensure optimal recovery.

- **Discharge Instructions:**
  - Ensure patient has transportation and support post-surgery.
  - Provide contact information for immediate concerns.

**INSTRUCTIONS:**
The patient will follow up with the vascular surgery clinic in 2 weeks and the wound care team bi-weekly for ongoing management and monitoring of the healing process.
"|"#####

**1. Subjective:**

**Chief Complaint (CC):**
Severe pain and foul odor in the lower extremity.

**History of Present Illness (HPI):**
Maria Gonzalez is a 65-year-old Hispanic female who presents to the emergency department with a 7-day history of severe pain, foul odor, and necrotic tissue in her lower extremity. The patient reports that the pain is constant and very severe, with associated symptoms of fever and lethargy. She has been unable to attend work and has experienced a severe limitation in mobility. Maria also notes interrupted sleep due to the pain.

**Review of Systems (ROS):**
- **Constitutional:** Reports fever, lethargy, and severe pain.
- **Cardiovascular:** Denies chest pain, reports feeble pedal pulses.
- **Respiratory:** History of Chronic Obstructive Pulmonary Disease (COPD).
- **Gastrointestinal:** Denies nausea and vomiting.
- **Integumentary:** Reports necrotic tissue with pus and significant inflammation around the affected area.
- **Neurological:** Denies recent changes in mental status but reports being anxious about her current condition.

**Patient’s Self-Reported Habits and Lifestyle:**
- **Sleep:** Interrupted, mostly due to pain.
- **Diet:** Irregular meals, high salt and processed food intake.
- **Exercise:** Minimal physical activity.
- **Tobacco Use:** History of smoking, quit 3 years ago.
- **Alcohol Consumption:** Rarely, only on special occasions.
- **Drug Use:** None reported.
- **Recreational Activities:** Minimal recreational activity.

**2. Objective:**

**Vitals:**
- BP: Pending
- HR: Tachycardic
- Temperature: Febrile
- SpO2: Pending
- Respiratory Rate: Pending

**Physical Exam:**
- **General:** Appears febrile and lethargic.
- **Cardiovascular:** Feeble pedal pulses, edematous lower extremity.
- **Integumentary:** Necrotic tissue with pus, significant inflammation around the area.
- **Respiratory:** Mild wheezing noted, consistent with COPD.
- **Extremity Examination:** Severe necrosis and purulent discharge in the affected lower extremity.

**3. Assessment:**

Diagnosis:
- Gangrene, not elsewhere classified (ICD-10: A48.0)

**4. Plan:**

- **Immediate Treatment:**
  - Immediate surgical debridement to remove necrotic tissue and prevent further spread of infection.

- **Medications:**
  - Clindamycin, 600 mg, IV, every 6 hours, 10 days, IV bag.
  - Metronidazole, 500 mg, IV, every 8 hours, 10 days, IV bag.

- **Orders:**
  - Blood Work:
    - Biochemistry: Liver Function Tests (LFTs), Renal Function Panel.
    - Hematology: Complete Blood Count (CBC), Erythrocyte Sedimentation Rate (ESR).
  - Imaging:
    - CT Scan of the lower extremity to assess the extent of the gangrene.

- **Follow-up:**
  - Bi-weekly wound care visits to monitor healing and prevent complications.
  - Referral to Infectious Disease Specialist, Dr. John Smith, for comprehensive antibiotic therapy and follow-up.

- **Patient Education and Counseling:**
  - Discussed the severity of the condition and the necessity of immediate surgical intervention.
  - Addressed patient's anxiety and provided reassurance and detailed explanations regarding the treatment plan.
  - Informed about the importance of follow-up visits and compliance with medication.
  - Emphasized lifestyle modifications, including diet and exercise, to prevent future complications.

- **Referrals:**
  - Referral to Infectious Disease Specialist, Dr. John Smith, for antibiotic therapy management.

- **Notes:**
  - Patient is generally compliant but anxious about the severity of the current condition. Emphasized the importance of following the treatment plan to ensure optimal recovery.

- **Discharge Instructions:**
  - Ensure patient has transportation and support post-surgery.
  - Provide contact information for immediate concerns.

**INSTRUCTIONS:**
The patient will follow up with the vascular surgery clinic in 2 weeks and the wound care team bi-weekly for ongoing management and monitoring of the healing process."|Vascular Surgeon
GANGRENE, NOT ELSEWHERE CLASSIFIED|"**ROLE: Specialist - Vascular Surgeon**

**Variables:**

1. **Medical Outcome:**
   - Diagnosis: Gangrene, not elsewhere classified
   - Prescribed Treatment: Surgical debridement and possible amputation
   - Follow-up Recommendations: Weekly wound care check-ups, referral to infectious disease specialist
   - Medication Adjustment: Antibiotics - Piperacillin/Tazobactam 4.5g IV every 6 hours for 14 days, switched to oral amoxicillin/clavulanate 875/125 mg BID for 7 days post-hospital discharge
   - Referral to Further Tests: MRI of the affected limb to assess tissue viability
   - Order for Blood Work: Complete Blood Count (CBC), C-Reactive Protein (CRP), Erythrocyte Sedimentation Rate (ESR), Blood Culture

2. **Medical History:**
   - Previous Diagnoses: Type 2 Diabetes Mellitus, Peripheral Arterial Disease
   - Family Medical History: Father had coronary artery disease, mother had hypertension
   - Medication History: Metformin 500 mg BID, Atorvastatin 20 mg QD, Aspirin 81 mg QD
   - Allergies: Penicillin
   - Chronic Conditions: Diabetes Mellitus Type 2, Peripheral Arterial Disease

3. **Symptom Description:**
   - Severity: Severe pain and discoloration in the lower extremity
   - Duration: 5 days
   - Associated Symptoms: Foul-smelling discharge, fever, chills
   - Frequency: Persistent
   - Impact on Daily Activities: Unable to walk or bear weight on the affected limb

4. **Patient’s Self-Reported Habits and Lifestyle:**
   - Sleep: Poor due to pain
   - Diet: High-carb, irregular meals
   - Exercise: Minimal due to pain and mobility issues
   - Tobacco Use: Smokes one pack per day for 20 years
   - Alcohol Consumption: Social drinker, about 2-3 drinks per week
   - Drug Use: Denies
   - Recreational Activities: None due to mobility issues

5. **Demographic Information:**
   - Age: 55
   - Gender: Male
   - Ethnicity: African American
   - Socio-economic Status: Lower middle class
   - Education Level: High school diploma
   - Health Literacy: Low, difficulty understanding medical terms
   - Job Status: Unemployed

6. **Patient's Behavior:**
   - The level of Cooperation: Limited, shows reluctance in following medical advice due to health literacy issues

7. **Geographical Location:**
   - Small City, Urban
   - Pollution and Environmental Health Risks: Moderate pollution, high crime rate area
   - Neighborhood Type: Impoverished, food desert, poor access to healthcare facilities

8. **Clinical Setting:**
   - Hospitals

9. **Type of Encounter:**
   - Emergency Visit

10. **Treatment Disparities:**
    - Potential hurdles in aggressive treatment due to patient's inability to pay and compliance concerns

11. **Native or Non-Native English-Speaking Patient:**
    - Native English Speaking Patient

12. **Physical exams:**
    - Vascular Exam: Diminished pulses in the lower extremity, blackened, necrotic tissue observed with notable foul odor
    - Musculoskeletal Exam: Reduced range of motion in the affected limb due to pain

13. **Investigation/Test Results:**
    - Awaiting results for MRI of the affected limb
    - Blood Work: CBC shows elevated white blood cell count, CRP and ESR elevated, awaiting blood culture results"|"#####
**1. Subjective:**

**Chief Complaint (CC):**

Severe pain and discoloration in the lower extremity.

**History of Present Illness (HPI):**

John Doe, a 55-year-old African American male with a known medical history of Type 2 Diabetes Mellitus and Peripheral Arterial Disease, presents with severe pain and discoloration in his right lower extremity, accompanied by a foul-smelling discharge, fever, and chills. The symptoms have been persistent for the past 5 days and have significantly impacted his daily activities, including his ability to walk or bear weight on the affected limb. The patient's pain has also disrupted his sleep.

**Review of Systems (ROS):**

- **Constitutional:** Reports fever and chills. Denies unexplained weight loss.
- **Cardiovascular:** Denies chest pain or palpitations.
- **Respiratory:** Denies shortness of breath or cough.
- **Gastrointestinal:** Denies nausea, vomiting, or abdominal pain.
- **Genitourinary:** Denies dysuria or hematuria.
- **Musculoskeletal:** Severe pain and discoloration in the right lower extremity. Reduced range of motion in the affected limb due to pain.
- **Neurological:** Denies headaches or dizziness.
- **Endocrine:** History of Type 2 Diabetes Mellitus.
- **Dermatological:** Notable necrotic tissue with a foul odor in the right lower extremity.

**Patient’s Self-Reported Habits and Lifestyle:**

- **Sleep:** Poor due to pain.
- **Diet:** High-carb, irregular meals.
- **Exercise:** Minimal due to pain and mobility issues.
- **Tobacco Use:** Smokes one pack per day for 20 years.
- **Alcohol Consumption:** Social drinker, about 2-3 drinks per week.
- **Drug Use:** Denies.
- **Recreational Activities:** None due to mobility issues.

**2. Objective:**

**Vital Signs:**

- **Temperature:** 101°F (38.3°C)
- **Pulse:** 98 bpm
- **Blood Pressure:** 145/90 mmHg
- **Respiratory Rate:** 18 breaths/min
- **Oxygen Saturation:** 95% on room air

**Physical Examination:**

- **General:** Appears in distress due to pain.
- **Vascular Exam:** Diminished pulses in the right lower extremity. Blackened, necrotic tissue observed with a notable foul odor.
- **Musculoskeletal Exam:** Reduced range of motion in the affected limb due to pain.
- **Cardiovascular:** Normal S1/S2, no murmurs, rubs, or gallops.
- **Respiratory:** Lungs clear to auscultation bilaterally.
- **Abdominal:** Soft, non-tender, no hepatosplenomegaly.

**Investigation/Test Results:**

- **Blood Work:** Elevated white blood cell count, elevated CRP, and ESR.
- **Awaiting Results:** MRI of the affected limb, blood culture results.

**3. Assessment:**

John Doe is a 55-year-old male with a significant medical history of Type 2 Diabetes Mellitus and Peripheral Arterial Disease, presenting with signs and symptoms consistent with gangrene of the right lower extremity. The severity of the condition necessitates immediate intervention.

**Diagnosis:** Gangrene, not elsewhere classified.

**4. Plan:**

**Surgical Intervention:**
- Initiate surgical debridement and possible amputation of the affected area.

**Medical Treatment:**
- **Antibiotics:** Start Piperacillin/Tazobactam 4.5g IV every 6 hours for 14 days. Due to the patient's penicillin allergy, consider alternative broad-spectrum antibiotics as needed. Transition to oral amoxicillin/clavulanate 875/125 mg BID for 7 days post-hospital discharge if well-tolerated, or identify a suitable non-penicillin alternative.

**Referrals:**
- Referral to an infectious disease specialist for co-management of infection.
- Referral to weekly wound care check-ups to monitor healing and infection status.

**Further Testing:**
- Order an MRI of the affected limb to assess tissue viability.
- Complete blood work including CBC, C-Reactive Protein (CRP), Erythrocyte Sedimentation Rate (ESR), and blood cultures.

**Patient Education and Counseling:**
- Discuss the urgency of treatment and the potential for limb loss if not appropriately managed.
- Advise on smoking cessation to improve vascular health.
- Educate the patient and/or caregiver on the importance of blood sugar control to prevent further complications.

**Patient Agreements:**
- The patient demonstrates limited cooperation and reluctance in following medical advice. Efforts will be made to provide clear, understandable explanations and to engage the patient in decision-making to improve compliance with the treatment plan.
"|"#####
**1. Subjective:**

**Chief Complaint (CC):**

Severe pain and discoloration in the lower extremity.

**History of Present Illness (HPI):**

John Doe, a 55-year-old African American male with a known medical history of Type 2 Diabetes Mellitus and Peripheral Arterial Disease, presents with severe pain and discoloration in his right lower extremity, accompanied by a foul-smelling discharge, fever, and chills. The symptoms have been persistent for the past 5 days and have significantly impacted his daily activities, including his ability to walk or bear weight on the affected limb. The patient's pain has also disrupted his sleep.

**Review of Systems (ROS):**

- **Constitutional:** Reports fever and chills. Denies unexplained weight loss.
- **Cardiovascular:** Denies chest pain or palpitations.
- **Respiratory:** Denies shortness of breath or cough.
- **Gastrointestinal:** Denies nausea, vomiting, or abdominal pain.
- **Genitourinary:** Denies dysuria or hematuria.
- **Musculoskeletal:** Severe pain and discoloration in the right lower extremity. Reduced range of motion in the affected limb due to pain.
- **Neurological:** Denies headaches or dizziness.
- **Endocrine:** History of Type 2 Diabetes Mellitus.
- **Dermatological:** Notable necrotic tissue with a foul odor in the right lower extremity.

**Patient’s Self-Reported Habits and Lifestyle:**

- **Sleep:** Poor due to pain.
- **Diet:** High-carb, irregular meals.
- **Exercise:** Minimal due to pain and mobility issues.
- **Tobacco Use:** Smokes one pack per day for 20 years.
- **Alcohol Consumption:** Social drinker, about 2-3 drinks per week.
- **Drug Use:** Denies.
- **Recreational Activities:** None due to mobility issues.

**2. Objective:**

**Vital Signs:**

- **Temperature:** 101°F (38.3°C)
- **Pulse:** 98 bpm
- **Blood Pressure:** 145/90 mmHg
- **Respiratory Rate:** 18 breaths/min
- **Oxygen Saturation:** 95% on room air

**Physical Examination:**

- **General:** Appears in distress due to pain.
- **Vascular Exam:** Diminished pulses in the right lower extremity. Blackened, necrotic tissue observed with a notable foul odor.
- **Musculoskeletal Exam:** Reduced range of motion in the affected limb due to pain.
- **Cardiovascular:** Normal S1/S2, no murmurs, rubs, or gallops.
- **Respiratory:** Lungs clear to auscultation bilaterally.
- **Abdominal:** Soft, non-tender, no hepatosplenomegaly.

**Investigation/Test Results:**

- **Blood Work:** Elevated white blood cell count, elevated CRP, and ESR.

**3. Assessment:**

John Doe is a 55-year-old male with a significant medical history of Type 2 Diabetes Mellitus and Peripheral Arterial Disease, presenting with signs and symptoms consistent with gangrene of the right lower extremity. The severity of the condition necessitates immediate intervention.

**Diagnosis:** Gangrene, not elsewhere classified.

**4. Plan:**

**Surgical Intervention:**
- Initiate surgical debridement and possible amputation of the affected area.

**Medical Treatment:**
- **Antibiotics:** Start Piperacillin/Tazobactam 4.5g IV every 6 hours for 14 days. Due to the patient's penicillin allergy, consider alternative broad-spectrum antibiotics as needed. Transition to oral amoxicillin/clavulanate 875/125 mg BID for 7 days post-hospital discharge if well-tolerated, or identify a suitable non-penicillin alternative.

**Referrals:**
- Referral to an infectious disease specialist, Dr. Sarah Thompson, for co-management of infection.
- Referral to weekly wound care check-ups with Dr. Michael Harris to monitor healing and infection status.

**Further Testing:**
- Order an MRI of the affected limb to assess tissue viability.
- Complete blood work including CBC, C-Reactive Protein (CRP), Erythrocyte Sedimentation Rate (ESR), and blood cultures.

**Patient Education and Counseling:**
- Discuss the urgency of treatment and the potential for limb loss if not appropriately managed.
- Advise on smoking cessation to improve vascular health.
- Educate the patient and/or caregiver on the importance of blood sugar control to prevent further complications.

**Patient Agreements:**
- The patient demonstrates limited cooperation and reluctance in following medical advice. Efforts will be made to provide clear, understandable explanations and to engage the patient in decision-making to improve compliance with the treatment plan."|Specialist - Vascular Surgeon**
GANGRENE, NOT ELSEWHERE CLASSIFIED|"ROLE: Vascular Surgeon

- **Medical Outcome:**
    - Diagnosis: Gangrene, not elsewhere classified
    - Immediate treatment: Hyperbaric oxygen therapy to promote healing and limit the spread of necrosis
    - Medication: IV Ceftriaxone 2 grams once a day for 10 days
    - Referral: Referral to a nutritionist to optimize diet for wound healing, referral to Physical Therapist Dr. Jane Collins for mobility improvement post-treatment
    - Order for imaging: Doppler Ultrasound of the affected limb to evaluate blood flow and identify any vascular obstructions 
    - Blood Work: Order hemoglobin A1c, lipid panel, and wound swab culture to guide antibiotic treatment

- **Medical History:**
    - Previous Diagnoses: Chronic venous insufficiency, hyperlipidemia
    - Medication History: Simvastatin 20 mg daily, Lisinopril 10 mg daily
    - Allergies: Latex
    - Chronic Conditions: Type 1 diabetes mellitus, hyperlipidemia

- **Symptom Description:**
    - Severity: Moderate pain, initially mistaken for a minor injury
    - Duration: Symptoms started 3 weeks ago, with worsening over the last 5 days
    - Associated Symptoms: Foul-smelling discharge, cyanosis of toes, low-grade fever
    - Frequency: Persistent discomfort with occasional severe pain
    - Impact on Daily Activities: Limited walking ability; mostly wheelchair-bound lately

- **Patient’s Self-Reported Habits and Lifestyle:**
    - Sleep: Disrupted sleep due to pain
    - Diet: Diabetic diet with occasional non-compliance
    - Exercise: Limited to light stretching and occasional short walks
    - Tobacco Use: Smokes occasionally, about 5 cigarettes a week
    - Alcohol Consumption: Moderate, 2-3 glasses of wine weekly
    - Drug Use: None reported
    - Recreational Activities: Enjoys knitting and solving puzzles

- **Demographic Information:**
    - Age: 65
    - Gender: Female
    - Ethnicity: Asian
    - Socio-economic Status: Middle-income, has Medicare
    - Education Level: Bachelor’s degree in Fine Arts
    - Health Literacy: High, proactive in managing diabetes
    - Job Status: Retired, formerly an accountant

- **Patient's Behavior:**
    - Compliance: High compliance with medical advice and medications, but struggles with dietary restrictions

- **Geographical Location:**
    - Rural area
    - Neighborhood Type: Affluent community with good access to primary care but limited specialized medical services

- **Clinical Setting:**
    - Private Practice specializing in Vascular Surgery

- **Type of Encounter:**
    - Chronic Disease Management

- **Treatment Disparities:**
    - Potential delays in receiving specialized care due to rural residence, requiring travel to urban centers for treatment

- **Native or Non-Native English Speaking Patient:**
    - Non-Native English-speaking, primary language Mandarin, interpreter service utilized

- **Physical Exams:**
    - Vascular Examination: Poor capillary refill, weak peripheral pulses in the affected limb
    - Local Examination: Examination of necrotic tissue, noting extent and severity, presence of discharge

- **Investigation/Test Results:**
    - Awaiting results of Doppler Ultrasound to assess blood flow and vascular obstructions; wound swab culture pending results for targeted antibiotic therapy"|"#####
**1. Subjective:**

**Chief Complaint (CC):**
Follow-up for worsening symptoms of gangrene on the left foot.

**History of Present Illness (HPI):**
Ms. Li Chen is a 65-year-old female who presents for follow-up on gangrene of the left foot. Three weeks ago, she began experiencing moderate pain initially mistaken for a minor injury. The symptoms have worsened over the last five days with the development of a foul-smelling discharge, cyanosis of the toes, and a low-grade fever. The patient reports persistent discomfort and occasional severe pain, which has significantly limited her mobility, resulting in her being mostly wheelchair-bound recently.

**Review of Systems (ROS):**
- **General:** Reports disrupted sleep due to pain. 
- **Skin:** Cyanosis of the toes, necrotic tissue with discharge.
- **Cardiovascular:** No chest pain or palpitations.
- **Endocrine:** Type 1 diabetes mellitus, managed with insulin.
- **Neurologic:** No recent changes in sensation or motor function.

**Social History:**
- Smokes occasionally (~5 cigarettes/week).
- Moderate alcohol consumption (2-3 glasses of wine weekly).
- Engages in light stretching and occasional short walks. Enjoys knitting and solving puzzles.

**Diet:**
- Diabetic diet with occasional non-compliance.

**2. Objective:**

**Vital Signs:**
- Temperature: 100.4°F
- Heart Rate: 82 bpm
- Blood Pressure: 135/85 mmHg
- Respiratory Rate: 18 breaths/min
- Oxygen Saturation: 96% on room air

**Physical Examination:**
- **General:** Alert, oriented, in mild distress due to pain.
- **Cardiovascular:** Weak peripheral pulses in the left lower extremity.
- **Vascular Examination:** Poor capillary refill in the left foot.
- **Local Examination:** Necrotic tissue present on toes of the left foot with foul-smelling purulent discharge. Significant cyanosis noted in affected areas.

**Laboratory and Imaging:**
- Awaiting Doppler Ultrasound results to assess blood flow and vascular obstructions.
- Wound swab culture is pending to guide more targeted antibiotic therapy.
- Blood work ordered: Hemoglobin A1c, lipid panel.

**3. Assessment:**
- **Primary Diagnosis:** Gangrene, not elsewhere classified.
- **Chronic Conditions:** Type 1 diabetes mellitus, chronic venous insufficiency, hyperlipidemia.

**4. Plan:**
- **Immediate Treatment:**
  - Initiate hyperbaric oxygen therapy to promote healing and limit the spread of necrosis.
  - Start IV Ceftriaxone 2 grams once a day for 10 days.
- **Referrals:**
  - Referral to nutritionist to optimize diet for wound healing.
  - Referral to Physical Therapist Dr. Jane Collins for post-treatment mobility improvement.
- **Imaging:**
  - Doppler Ultrasound of the left lower extremity to evaluate blood flow and identify any vascular obstructions.
- **Laboratory:**
  - Order hemoglobin A1c, lipid panel, and wound swab culture.
- **Follow-up:**
  - Schedule a follow-up visit in one week to review imaging and lab results and to assess response to treatment.
  - Educate the patient on the importance of strict diabetic control and adherence to dietary recommendations.
  - Strongly advise cessation of smoking to aid in vascular health and wound healing.
  - Ensure continued use of Simvastatin 20 mg daily and Lisinopril 10 mg daily.

Patient and interpreter understand and agree with the proposed plan. Instructions have been provided to call the clinic with any new symptoms or concerning changes."|"#####
**1. Subjective:**

**Chief Complaint (CC):**
Follow-up for worsening symptoms of gangrene on the left foot.

**History of Present Illness (HPI):**
Ms. Li Chen is a 65-year-old female who presents for follow-up on gangrene of the left foot. Three weeks ago, she began experiencing moderate pain initially mistaken for a minor injury. The symptoms have worsened over the last five days with the development of a foul-smelling discharge, cyanosis of the toes, and a low-grade fever. The patient reports persistent discomfort and occasional severe pain, which has significantly limited her mobility, resulting in her being mostly wheelchair-bound recently.

**Review of Systems (ROS):**
- **General:** Reports disrupted sleep due to pain. 
- **Skin:** Cyanosis of the toes, necrotic tissue with discharge.
- **Cardiovascular:** No chest pain or palpitations.
- **Endocrine:** Type 1 diabetes mellitus, managed with insulin.
- **Neurologic:** No recent changes in sensation or motor function.

**Social History:**
- Smokes occasionally (~5 cigarettes/week).
- Moderate alcohol consumption (2-3 glasses of wine weekly).
- Engages in light stretching and occasional short walks. Enjoys knitting and solving puzzles.

**Diet:**
- Diabetic diet with occasional non-compliance.

**2. Objective:**

**Vital Signs:**
- Temperature: 100.4°F
- Heart Rate: 82 bpm
- Blood Pressure: 135/85 mmHg
- Respiratory Rate: 18 breaths/min
- Oxygen Saturation: 96% on room air

**Physical Examination:**
- **General:** Alert, oriented, in mild distress due to pain.
- **Cardiovascular:** Weak peripheral pulses in the left lower extremity.
- **Vascular Examination:** Poor capillary refill in the left foot.
- **Local Examination:** Necrotic tissue present on toes of the left foot with foul-smelling purulent discharge. Significant cyanosis noted in affected areas.

**Laboratory and Imaging:**
- Awaiting Doppler Ultrasound results to assess blood flow and vascular obstructions.
- Wound swab culture is pending to guide more targeted antibiotic therapy.
- Blood work ordered: Hemoglobin A1c, lipid panel.

**3. Assessment:**
- **Primary Diagnosis:** Gangrene, not elsewhere classified.
- **Chronic Conditions:** Type 1 diabetes mellitus, chronic venous insufficiency, hyperlipidemia.

**4. Plan:**
- **Immediate Treatment:**
  - Initiate hyperbaric oxygen therapy to promote healing and limit the spread of necrosis.
  - Start IV Ceftriaxone 2 grams once a day for 10 days.
- **Referrals:**
  - Referral to nutritionist to optimize diet for wound healing.
  - Referral to Physical Therapist Dr. Jane Collins for post-treatment mobility improvement.
- **Imaging:**
  - Doppler Ultrasound of the left lower extremity to evaluate blood flow and identify any vascular obstructions.
- **Laboratory:**
  - Order hemoglobin A1c, lipid panel, and wound swab culture.
- **Follow-up:**
  - Schedule a follow-up visit in one week to review imaging and lab results and to assess response to treatment.
  - Educate the patient on the importance of strict diabetic control and adherence to dietary recommendations.
  - Strongly advise cessation of smoking to aid in vascular health and wound healing.
  - Ensure continued use of Simvastatin 20 mg daily and Lisinopril 10 mg daily.

Patient and interpreter understand and agree with the proposed plan. Instructions have been provided to call the clinic with any new symptoms or concerning changes."|Vascular Surgeon
GANGRENE, NOT ELSEWHERE CLASSIFIED|"ROLE: General Surgeon

Demographic Information:
- Age: 55
- Gender: Male
- Ethnicity: African American
- Socio-economic Status: Low income
- Education Level: High School
- Health Literacy: Low
- Job Status: Unemployed

Geographical Location:
- Big City
- Urban
- Impoverished
- Poorly served by Transit
- Environmental Health Risks: High pollution

Clinical Setting:
- Emergency Visit
- Hospital

Type of Encounter:
- Initial Consultation

Symptom Description:
- Severity: Severe
- Duration: 1 week
- Associated Symptoms: Foul-smelling discharge, swelling, and pain in the affected area
- Frequency: Constant
- Impact on Daily Activities: Unable to walk

Patient’s self-reported habits and lifestyle:
- Sleep: Poor, disrupted by pain
- Diet: Irregular, often fast food
- Exercise: None
- Tobacco Use: Heavy smoker (1 pack/day for 30 years)
- Alcohol Consumption: Occasional
- Drug Use: Denied
- Recreational Activities: None

Medical History:
- Previous Diagnoses: Type 2 Diabetes Mellitus, Hypertension
- Family Medical History: Father with a history of Peripheral Arterial Disease
- Medication History: Insulin (10 units subcutaneously twice a day), Lisinopril (10 mg orally once daily)
- Allergies: None
- Chronic Conditions: Uncontrolled Diabetes

Patient's Behavior:
- Level of cooperation: Initially resistant but cooperative upon understanding severity

Physical exams:
- Cardiovascular: Weak peripheral pulses in the affected limb
- Respiratory: Lungs clear to auscultation bilaterally
- Affected Limb: Obvious gangrenous changes to the left foot, significant swelling, blackened tissue, foul odor

Investigation/Test results:
- Blood work: CBC, Electrolytes, Blood Glucose, HbA1c, Renal Panel (awaiting)
- Imaging: X-ray of the left foot to assess the extent of gas gangrene (awaiting)

Medical Outcome:
- Diagnosis: Gangrene, not elsewhere classified
- Prescribed Treatment: 
  - IV Antibiotics (Vancomycin 1g every 12 hrs)
  - Wound debridement
  - Insulin dose adjustment (Increase to 12 units subcutaneously twice a day)
- Referral to Specialists:
  - Vascular Surgeon (Dr. Jane Smith) for evaluation of the need for amputation
- Follow-up Recommendations:
  - Urgent follow-up after initial debridement
  - Blood sugar control optimization
- Lifestyle Change:
  - Smoking cessation program
  - Improvement in diet to control blood sugar levels and promote wound healing

Treatment Disparities:
- Possible barriers to obtaining optimal care due to low income and poor access to transportation to follow-up visits

Native or Non-Native English Speaking Patient:
- Native English Speaking"|"#####
**1. Subjective:**

**Chief Complaint (CC):**
Severe left foot pain, swelling, and foul-smelling discharge.

**History of Present Illness (HPI):**
The patient is a 55-year-old African American male presenting for an emergency visit due to severe pain, swelling, and foul-smelling discharge from his left foot. Symptoms began approximately one week ago and have progressively worsened, making it impossible for him to walk. The patient reports constant pain that disrupts his sleep and exacerbates his already poor sleep pattern. His diet is irregular, often consisting of fast food, and he does not engage in any exercise. He is a heavy smoker, consuming one pack of cigarettes daily for the past 30 years. He consumes alcohol occasionally but denies any drug use. 

**Review of Systems (ROS):**
- **General:** Reports severe left foot pain, swelling, and foul-smelling discharge. Poor sleep due to pain.
- **Cardiovascular:** Denies chest pain, palpitations.
- **Respiratory:** Denies shortness of breath, cough.
- **Gastrointestinal:** Denies nausea, vomiting, diarrhea.
- **Musculoskeletal:** Severe pain and swelling in the left foot.
- **Neurological:** Denies dizziness, headache.
- **Endocrine:** Uncontrolled Type 2 Diabetes Mellitus.

**2. Objective:**

**Vital Signs:**
- Temperature: 37.2°C
- Pulse: 88 bpm
- Respiratory Rate: 16/min
- Blood Pressure: 150/95 mmHg
- Blood Glucose: Elevated

**Physical Examination:**
- **General:** Appears uncomfortable and in distress.
- **Cardiovascular:** Weak peripheral pulses in the left foot.
- **Respiratory:** Lungs clear to auscultation bilaterally.
- **Gastrointestinal:** Soft, non-tender abdomen.
- **Musculoskeletal:** Significant swelling and blackened tissue of the left foot, with gangrenous changes and a foul odor present. Poor capillary refill in the affected limb.
- **Neurological:** Alert and oriented.

**Investigation/Test Results:**
- **Blood Work:** CBC, Electrolytes, Blood Glucose, HbA1c, Renal Panel (awaiting results).
- **Imaging:** X-ray of the left foot to assess the extent of gas gangrene (awaiting results).

**3. Assessment:**

**Diagnosis:**
- Gangrene, not elsewhere classified, due to uncontrolled Diabetes Mellitus.

**4. Plan:**

**Immediate Treatment:**
- Initiate IV antibiotics (Vancomycin 1g every 12 hrs).
- Perform wound debridement to remove necrotic tissue.
- Adjust insulin dose to 12 units subcutaneously twice a day to improve glycemic control.

**Referral to Specialists:**
- Refer to Vascular Surgeon (Dr. Jane Smith) for evaluation of the need for amputation.

**Follow-up Recommendations:**
- Urge follow-up after initial debridement to assess healing and potential need for further surgical intervention.
- Optimize blood sugar control with close monitoring and adjustment of diabetes management plan.

**Lifestyle Changes:**
- Enroll the patient in a smoking cessation program to aid in overall health improvement and wound healing.
- Provide dietary counseling to improve nutrition and aid in blood sugar control, emphasizing a balanced diet over fast food.

**Additional Notes:**
- Address potential barriers to care, such as transportation and low income, by coordinating with social services to ensure the patient can attend follow-up visits and receive necessary care.
- Discuss the importance of compliance with medical recommendations and possible severe outcomes if left untreated, ensuring the patient understands the severity of his condition."|"#####
**1. Subjective:**

**Chief Complaint (CC):**
Severe left foot pain, swelling, and foul-smelling discharge.

**History of Present Illness (HPI):**
The patient is a 55-year-old African American male presenting for an emergency visit due to severe pain, swelling, and foul-smelling discharge from his left foot. Symptoms began approximately one week ago and have progressively worsened, making it impossible for him to walk. The patient reports constant pain that disrupts his sleep and exacerbates his already poor sleep pattern. His diet is irregular, often consisting of fast food, and he does not engage in any exercise. He is a heavy smoker, consuming one pack of cigarettes daily for the past 30 years. He consumes alcohol occasionally but denies any drug use. 

**Review of Systems (ROS):**
- **General:** Reports severe left foot pain, swelling, and foul-smelling discharge. Poor sleep due to pain.
- **Cardiovascular:** Denies chest pain, palpitations.
- **Respiratory:** Denies shortness of breath, cough.
- **Gastrointestinal:** Denies nausea, vomiting, diarrhea.
- **Musculoskeletal:** Severe pain and swelling in the left foot.
- **Neurological:** Denies dizziness, headache.
- **Endocrine:** Uncontrolled Type 2 Diabetes Mellitus.

**2. Objective:**

**Vital Signs:**
- Temperature: 37.2°C
- Pulse: 88 bpm
- Respiratory Rate: 16/min
- Blood Pressure: 150/95 mmHg
- Blood Glucose: Elevated

**Physical Examination:**
- **General:** Appears uncomfortable and in distress.
- **Cardiovascular:** Weak peripheral pulses in the left foot.
- **Respiratory:** Lungs clear to auscultation bilaterally.
- **Gastrointestinal:** Soft, non-tender abdomen.
- **Musculoskeletal:** Significant swelling and blackened tissue of the left foot, with gangrenous changes and a foul odor present. Poor capillary refill in the affected limb.
- **Neurological:** Alert and oriented.

**Investigation/Test Results:**
- **Blood Work:** CBC, Electrolytes, Blood Glucose, HbA1c, Renal Panel (awaiting results).
- **Imaging:** X-ray of the left foot to assess the extent of gas gangrene (awaiting results).

**3. Assessment:**

**Diagnosis:**
- Gangrene, not elsewhere classified, due to uncontrolled Diabetes Mellitus.

**4. Plan:**

**Immediate Treatment:**
- Initiate IV antibiotics (Vancomycin 1g every 12 hrs).
- Perform wound debridement to remove necrotic tissue.
- Adjust insulin dose to 12 units subcutaneously twice a day to improve glycemic control.

**Referral to Specialists:**
- Refer to Vascular Surgeon (Dr. Jane Smith) for evaluation of the need for amputation due to gangrene.

**Follow-up Recommendations:**
- Urge follow-up after initial debridement to assess healing and potential need for further surgical intervention.
- Optimize blood sugar control with close monitoring and adjustment of diabetes management plan.

**Lifestyle Changes:**
- Enroll the patient in a smoking cessation program to aid in overall health improvement and wound healing.
- Provide dietary counseling to improve nutrition and aid in blood sugar control, emphasizing a balanced diet over fast food.

**Additional Notes:**
- Address potential barriers to care, such as transportation and low income, by coordinating with social services to ensure the patient can attend follow-up visits and receive necessary care.
- Discuss the importance of compliance with medical recommendations and possible severe outcomes if left untreated, ensuring the patient understands the severity of his condition."|General Surgeon
GANGRENE, NOT ELSEWHERE CLASSIFIED|"ROLE: General Surgeon

DEMOGRAPHIC INFORMATION
Age: 67
Gender: Female
Ethnicity: Caucasian
Socio-economic Status: Middle-class
Education Level: High school graduate
Health Literacy: Moderate
Job Status: Retired

MEDICAL HISTORY
Previous Diagnoses: Type 2 Diabetes Mellitus, Peripheral Arterial Disease
Family Medical History: Father had coronary artery disease, Mother had Type 2 Diabetes Mellitus
Medication History: Metformin 1000 mg twice daily, Atorvastatin 20 mg daily
Allergies: None
Chronic Conditions: Type 2 Diabetes Mellitus, Hypertension, Peripheral Arterial Disease

SYMPTOM DESCRIPTION
Severity: Severe
Duration: 1 week
Associated Symptoms: Pain, foul-smelling discharge, fever, chills
Frequency: Continuous
Impact on Daily Activities: Unable to walk or perform daily tasks due to severe pain

PATIENT’S SELF-REPORTED HABITS AND LIFESTYLE
Sleep: Poor sleep due to pain
Diet: Moderate, includes occasional fast food
Exercise: Minimal physical activity
Tobacco Use: History of smoking for 20 years, quit 10 years ago
Alcohol Consumption: None
Drug Use: None
Recreational Activities: Limited due to health issues

PATIENT'S BEHAVIOR
Level of cooperation: Cooperative

GEOGRAPHICAL LOCATION
Big City vs Small City: Small City
Rural vs Urban: Urban
Pollution and Environmental Health Risks: Moderate pollution, no significant health risks
Neighborhood Type: Middle-class neighborhood, well-served by transit

CLINICAL SETTING
Hospitals, Clinics, Telemedicine: Hospital
Initial Consultation, Follow-up, Emergency Visit, Routine Check-up, Chronic Disease Management, Preventive Health Screening: Emergency Visit

PHYSICAL EXAMS
- General Inspection: Patient appears pale and in distress.
- Extremities: Significant necrosis noted on the right foot with foul-smelling discharge, surrounding tissue is erythematous and swollen.

INVESTIGATION/TEST RESULTS
- Complete Blood Count (CBC): Awaiting results
- Blood Glucose Level: 250 mg/dL
- X-ray of the Right Foot: Awaiting results to assess the extent of bone involvement
- Culture and Sensitivity test of wound discharge: Awaiting results to identify bacterial infection

MEDICAL OUTCOME
- Diagnosis: Gangrene, not elsewhere classified
- Medical Treatment: Start broad-spectrum IV antibiotics (Piperacillin-Tazobactam 3.375 g every 6 hours)
- Prescribed Treatment: IV fluids for hydration
- Follow-up Recommendations: Surgical debridement or possible amputation based on the extent of necrosis
- Referral to Specialists: Vascular Surgery for assessment of blood supply and surgical intervention, Dr. Jane Thompson
- Order for Blood Work: Hematology panel to assess infection severity, biochemistry panel to monitor kidney function
- Order for Imaging: MRI of the lower limb to assess the extent of tissue involvement before surgical planning"|Rejected|Rejected|Rejected
GANGRENE, NOT ELSEWHERE CLASSIFIED|"ROLE: General Surgeon

DEMOGRAPHIC INFORMATION
Age: 52
Gender: Male
Ethnicity: Hispanic
Socio-economic Status: Low income
Education Level: Some college
Health Literacy: Low
Job Status: Unemployed

MEDICAL HISTORY
Previous Diagnoses: Chronic Venous Insufficiency, Hypertension
Family Medical History: No significant family medical history reported
Medication History: Lisinopril 10 mg daily for hypertension
Allergies: Penicillin
Chronic Conditions: Hypertension

SYMPTOM DESCRIPTION
Severity: Moderate to severe
Duration: 3 weeks
Associated Symptoms: Intermittent fever, malaise, localized pain, and swelling
Frequency: Continuous pain with intermittent exacerbations
Impact on Daily Activities: Difficulty walking and performing household chores

PATIENT’S SELF-REPORTED HABITS AND LIFESTYLE
Sleep: Disturbed sleep due to pain
Diet: Inconsistent, primarily fast food and convenience meals
Exercise: None
Tobacco Use: Current smoker, 10 cigarettes per day for the past 30 years
Alcohol Consumption: Occasional beer, about once a week
Drug Use: None
Recreational Activities: None

PATIENT'S BEHAVIOR
Level of cooperation: Cooperative but anxious about health outcomes

GEOGRAPHICAL LOCATION
Big City vs Small City: Big City
Rural vs Urban: Urban
Pollution and Environmental Health Risks: High pollution, increased environmental health risks
Neighborhood Type: Impoverished area, limited access to healthcare services, food desert

CLINICAL SETTING
Hospitals, Clinics, Telemedicine: Community Health Clinic
Initial Consultation, Follow-up, Emergency Visit, Routine Check-up, Chronic Disease Management, Preventive Health Screening: Initial Consultation

PHYSICAL EXAMS
- General Inspection: Patient appears in discomfort and anxious.
- Extremities: Right lower leg shows extensive tissue damage with blackened skin, foul-smelling discharge present, swelling, and erythema extending to the knee.

INVESTIGATION/TEST RESULTS
- Complete Blood Count (CBC): Showing elevated white blood cell count indicative of infection
- Blood Glucose Level: Normal
- X-ray of the Right Lower Leg: Awaiting results, ordered to rule out osteomyelitis and assess the extent of infection
- Doppler Ultrasound: Awaiting results, ordered to evaluate blood flow and venous insufficiency
- Culture and Sensitivity test of wound discharge: Awaiting results to identify the causative organism and appropriate antibiotics

MEDICAL OUTCOME
- Diagnosis: Gangrene, not elsewhere classified
- Medical Treatment: Start broad-spectrum IV antibiotics (Vancomycin 1 g every 12 hours and Meropenem 1 g every 8 hours)
- Prescribed Treatment: IV fluids for hydration
- Follow-up Recommendations: Surgical debridement or possible amputation based on the extent of tissue necrosis; detailed vascular assessment
- Referral to Specialists: Vascular Surgery for further evaluation and possible intervention, Dr. John Garcia
- Order for Blood Work: Hematology and biochemistry panels to monitor infection and kidney function
- Order for Imaging: MRI of the lower limb to determine the extent of tissue involvement and surgical planning"|Rejected|Rejected|Rejected
GANGRENE, NOT ELSEWHERE CLASSIFIED|"ROLE: Vascular Surgeon

- **Medical Outcome**:
  - Diagnosis: Gangrene, not elsewhere classified (ICD-10: A48.0)
  - Prescribed Treatment: Immediate surgical debridement
  - Follow-up recommendations: Weekly wound care visits
  - Referral to specialists: Referral to Infectious Disease Specialist for antibiotic therapy
  - Prescribing Medication: 
    - Vancomycin, 1g, IV, every 12 hours, 7 days, IV bag
    - Piperacillin/Tazobactam, 3.375g, IV, every 6 hours, 7 days, IV bag
  - Orders for Blood Work: 
    - Biochemistry: Complete Metabolic Panel (CMP)
    - Hematology: Complete Blood Count (CBC), Coagulation profile
  - Orders for Imaging: MRI of the affected limb to determine the extent of tissue damage 

- **Medical History**:
  - Previous Diagnoses: Type 2 Diabetes Mellitus, Peripheral Arterial Disease (PAD)
  - Family Medical History: Father had Type 2 Diabetes Mellitus, Mother had hypertension
  - Medication History: Insulin, Metformin, Lisinopril
  - Allergies: Penicillin
  - Chronic Conditions: Hypertension, Type 2 Diabetes Mellitus, Dyslipidemia

- **Symptom Description**:
  - Severity: Severe
  - Duration: 5 days
  - Associated Symptoms: Foul-smelling discharge, discoloration of the affected area, fever, chills
  - Frequency: Persistent
  - Impact on Daily Activities: Unable to walk or perform daily activities due to severe pain

- **Patient’s Self-Reported Habits and Lifestyle**:
  - Sleep: Poor quality, waking up frequently due to pain
  - Diet: High carbohydrate intake
  - Exercise: Sedentary lifestyle 
  - Tobacco Use: Smokes 1 pack/day for the past 20 years
  - Alcohol Consumption: Occasional, socially
  - Drug Use: Denies
  - Recreational Activities: Social gatherings

- **Demographic Information**:
  - Age: 58 years
  - Gender: Male
  - Ethnicity: African American
  - Socio-economic Status: Low income
  - Education Level: High school graduate
  - Health Literacy: Limited understanding of medical terms
  - Job Status: Unemployed

- **Patient's Behavior**:
  - Compliance: Historically poor compliance with medical advice, irregular follow-up appointments

- **Geographical Location**:
  - Big City vs Small City: Small City
  - Rural vs Urban: Urban
  - Pollution and Environmental Health Risks: Moderate pollution levels
  - Neighborhood Type: Impoverished, limited access to healthcare services, food desert

- **Clinical Setting**:
  - Clinical Setting: Urgent Care Center

- **Type of Encounter**:
  - Initial Consultation

- **Treatment Disparities**:
  - Limited treatment options offered due to patient’s low-income status and lack of insurance

- **Native or Non-Native English Speaking Patient**:
  - Native English Speaking Patient

- **Physical exams**:
  - Cardiovascular: diminished peripheral pulses, particularly in the affected limb
  - Integumentary: Blackened, necrotic tissue noted, with surrounding erythema and swelling
  - General: febrile, tachycardic

- **Investigation/Test results**:
  - Tests awaiting:
    - Complete Metabolic Panel (CMP)
    - Complete Blood Count (CBC)
    - Coagulation profile
    - MRI of the affected limb to determine the extent of tissue damage"|Rejected|Rejected|Rejected
GANGRENE, NOT ELSEWHERE CLASSIFIED|"ROLE: Vascular Surgeon

- **Medical Outcome:**
    - Diagnosis: Gangrene, not elsewhere classified
    - Immediate treatment: Surgical debridement to remove necrotic tissue
    - Medication: Start IV antibiotics with Piperacillin-Tazobactam 3.375 grams every 6 hours for 10 days
    - Referral: Consult with Infectious Disease Specialist Dr. Emma Stone for targeted antimicrobial therapy
    - Order for imaging: CT Angiography of the lower extremities to assess blood flow and identify potential areas of revascularization 
    - Blood Work: Order complete blood count (CBC), biochemistry panel, and blood cultures to identify any systemic involvement

- **Medical History:**
    - Previous Diagnoses: Peripheral artery disease, type 2 diabetes mellitus, hypertension
    - Medication History: Metformin 500 mg twice daily, Atorvastatin 20 mg daily, Amlodipine 5 mg daily
    - Allergies: None known
    - Chronic Conditions: Type 2 diabetes mellitus, hypertension

- **Symptom Description:**
    - Severity: Severe pain in the affected area
    - Duration: Symptoms began 1 week ago, with a rapid increase in severity over the past 2 days
    - Associated Symptoms: Swelling, redness, and foul-smelling discharge from the affected area
    - Frequency: Constant pain, worsening with movement
    - Impact on Daily Activities: Severely impaired, difficulty walking and performing daily tasks

- **Patient’s Self-Reported Habits and Lifestyle:**
    - Sleep: Reports poor sleep due to pain
    - Diet: High carbohydrate intake, inconsistent meal patterns
    - Exercise: Limited physical activity due to mobility issues
    - Tobacco Use: Smokes 1 pack of cigarettes per day for the last 25 years
    - Alcohol Consumption: Drinks socially, about 2-3 times a month

- **Demographic Information:**
    - Age: 58
    - Gender: Male
    - Ethnicity: African American
    - Socio-economic Status: Low-income, receiving Medicaid
    - Education Level: High school diploma
    - Health Literacy: Basic understanding of his medical conditions
    - Job Status: Unemployed due to disability

- **Patient's Behavior:**
    - Compliance: Generally compliant with medication but struggles with lifestyle modifications

- **Geographical Location:**
    - Small City
    - Neighborhood Type: Impoverished, limited access to healthcare and healthy food options

- **Clinical Setting:**
    - Hospital-based Vascular Surgery Clinic

- **Type of Encounter:**
    - Emergency Visit

- **Treatment Disparities:**
    - Potential challenge in accessing advanced wound care due to insurance limitations

- **Native or Non-Native English Speaking Patient:**
    - Native English-speaking 

- **Physical Exams:**
    - Vascular Examination: Assess pulses in bilateral lower extremities
    - Local Examination: Inspection of the affected area for extent of necrosis, discharge, and signs of infection

- **Investigation/Test Results:**
    - Awaiting results of CT Angiography and blood work."|Rejected|Rejected|Rejected
GANGRENE, NOT ELSEWHERE CLASSIFIED|"ROLE: Vascular Surgeon

- **Medical Outcome:**
    - Diagnosis: Gangrene, not elsewhere classified
    - Immediate treatment: Amputation of the affected toe to prevent the spread of infection
    - Medication: IV Vancomycin 15 mg/kg every 12 hours for 14 days
    - Referral: Referral to Diabetologist Dr. Richard Burns for blood glucose management
    - Order for imaging: MRI of the foot to assess the extent of necrosis and involvement of adjacent structures

- **Medical History:**
    - Previous Diagnoses: Chronic Kidney Disease, Stage 3
    - Medication History: Enalapril 10 mg daily, Furosemide 40 mg daily, Aspirin 81 mg daily
    - Allergies: Penicillin
    - Chronic Conditions: Chronic Kidney Disease, Hypertension

- **Symptom Description:**
    - Severity: Severe pain, worsening over past 3 days
    - Duration: Symptoms present for 2 weeks
    - Associated Symptoms: Blackened skin, purulent discharge, fever
    - Frequency: Constant pain, severe at night
    - Impact on Daily Activities: Unable to walk, bedridden due to pain

- **Patient’s Self-Reported Habits and Lifestyle:**
    - Sleep: Recently disturbed due to pain
    - Diet: Low-sodium diet due to hypertension, but limited adherence
    - Exercise: No regular exercise regimen
    - Tobacco Use: Does not smoke
    - Alcohol Consumption: Drinks 1-2 beers weekly
    - Drug Use: None
    - Recreational Activities: Watches TV, reads books

- **Demographic Information:**
    - Age: 72
    - Gender: Female
    - Ethnicity: Hispanic
    - Socio-economic Status: Middle-income, Medicare beneficiary
    - Education Level: College graduate
    - Health Literacy: Well-informed about her health conditions
    - Job Status: Retired teacher

- **Patient's Behavior:**
    - Compliance: High level of compliance with medical advice and medications

- **Geographical Location:**
    - Urban
    - Neighborhood Type: Well-served by public transit

- **Clinical Setting:**
    - Community Health Services

- **Type of Encounter:**
    - Emergency Visit due to worsening symptoms

- **Treatment Disparities:**
    - None observed, patient has good access to care

- **Native or Non-Native English Speaking Patient:**
    - Non-Native English-speaking, primary language Spanish, with interpreter services utilized

- **Physical Exams:**
    - Vascular Examination: Diminished pulses in the affected foot
    - Local Examination: Inspection and palpation of the affected area, extent of necrosis

- **Investigation/Test Results:**
    - Awaiting results of MRI to determine the extent of necrosis and involvement of bone. Blood cultures pending."|Rejected|Rejected|Rejected
GANGRENE, NOT ELSEWHERE CLASSIFIED|"ROLE: General Surgeon

- **Medical Outcome:**
    - Diagnosis: Gangrene, not elsewhere classified
    - Immediate treatment: Emergency surgical debridement in the operating room to remove necrotic tissue
    - Medication: IV Clindamycin 600 mg every 8 hours for 14 days
    - Referral: Referral to a wound care specialist, Dr. Susan Harris, for post-surgical wound management
    - Order for imaging: X-ray of the lower extremities to check for osteomyelitis involvement 
    - Blood Work: Order complete metabolic panel (CMP), erythrocyte sedimentation rate (ESR), and CRP to assess inflammation

- **Medical History:**
    - Previous Diagnoses: Chronic Obstructive Pulmonary Disease (COPD)
    - Medication History: Albuterol inhaler as needed, Tiotropium 18 mcg daily
    - Allergies: Sulfa drugs
    - Chronic Conditions: COPD, Hypertension

- **Symptom Description:**
    - Severity: Severe pain in the affected area
    - Duration: Symptoms were noticed 2 weeks ago, significantly worsened in the last 3 days
    - Associated Symptoms: Blackened skin, swollen tissue, intermittent fever
    - Frequency: Pain is intermittent but severe when present
    - Impact on Daily Activities: Difficulty in walking and standing, requires assistance for mobility

- **Patient’s Self-Reported Habits and Lifestyle:**
    - Sleep: Experiencing insomnia due to pain
    - Diet: Low-fat diet adhering to hypertension management, occasional fast food intake
    - Exercise: Limited due to COPD; performs breathing exercises
    - Tobacco Use: Quit smoking 5 years ago after 30 years of smoking
    - Alcohol Consumption: No alcohol consumption
    - Drug Use: None
    - Recreational Activities: Enjoys gardening and playing chess

- **Demographic Information:**
    - Age: 67
    - Gender: Male
    - Ethnicity: Caucasian
    - Socio-economic Status: Lower-middle-income, private health insurance
    - Education Level: Some college, no degree
    - Health Literacy: Moderate; understands basic health information and instructions
    - Job Status: Retired construction worker

- **Patient's Behavior:**
    - Compliance: Generally compliant but recent lapses in adhering to dietary restrictions

- **Geographical Location:**
    - Big City
    - Neighborhood Type: Mixed-income neighborhood, decent access to healthcare

- **Clinical Setting:**
    - Hospital-based General Surgery Department

- **Type of Encounter:**
    - Initial Consultation for rapidly worsening symptoms

- **Treatment Disparities:**
    - None observed; patient has adequate access to necessary treatments

- **Native or Non-Native English Speaking Patient:**
    - Native English-speaking 

- **Physical Exams:**
    - Local Examination: Noticeable blackened skin with necrotic tissue, purulent discharge, swelling, and erythema
    - Respiratory Examination: Decreased breath sounds bilaterally, no wheezing or crackles detected

- **Investigation/Test Results:**
    - Awaiting results of X-ray to rule out osteomyelitis and blood work for inflammation markers."|Rejected|Rejected|Rejected
