|Disease Description|Scenario|Note|Polished Note|Role
0|SENSORINEURAL HEARING LOSS, BILATERAL|"ROLE: Otologist (Ear Specialist)

- Medical Outcome: 
  - Diagnosis: Sensorineural hearing loss, bilateral (ICD-10: H90.3)
  - Prescribed Treatment: 
    - Hearing aids for both ears
    - Cochlear implant consultation for severe cases
    - Possible steroid therapy if within early onset of sudden sensorineural hearing loss
  - Follow-up Recommendations: Monthly follow-up for the first 3 months to monitor adaptation to hearing aids or post-cochlear implant surgery recovery, then every 6 months
  - Referral to Specialists: 
    - Audiologist for detailed audiometry and hearing aid fitting
    - Referral to a neurologist if suspicion of central cause
  - Medication: Not applicable in chronic cases
  
- Medical History: 
  - Previous Diagnoses: Chronic otitis media
  - Family Medical History: Grandfather with late-onset hearing loss
  - Medication History: No ototoxic medication usage reported
  - Allergies: No known allergies
  - Chronic Conditions: Hypertension

- Symptom Description:
  - Severity: Moderate to severe bilateral hearing reduction
  - Duration: Progressive over the last 2 years
  - Associated Symptoms: Tinnitus
  - Frequency: Constant
  - Impact on Daily Activities: Difficulty in conversations, requiring increased television volume

- Patient’s self-reported habits and lifestyle:
  - Sleep: Adequate sleep, 7-8 hours per night
  - Diet: Balanced diet
  - Exercise: Moderate, walks daily
  - Tobacco Use: None
  - Alcohol Consumption: Social drinking on weekends
  - Drug Use: None
  - Recreational Activities: Enjoys reading and gardening

- Demographic Information:
  - Age: 62 years
  - Gender: Female
  - Ethnicity: Caucasian
  - Socio-Economic Status: Middle-income
  - Education Level: College graduate
  - Health Literacy: High
  - Job Status: Retired teacher

- Patient's Behavior: 
  - Cooperative and proactive regarding health.

- Geographical Location:
  - Big city, urban setting with moderate pollution, neighborhood is well-served by transit and amenities.

- Clinical Setting: 
  - Specialty Clinic

- Type of Encounter: 
  - Initial consultation with otologist for hearing issues

- Treatment Disparities: 
  - No evident treatment disparities, patient has medical insurance and is health literate.

- Native or Non-Native English Speaking Patient: 
  - Native English speaker

- Physical exams: 
  - Otoscopy: Normal tympanic membranes bilaterally
  - Tuning fork tests (Rinne and Weber): Indicative of sensorineural hearing loss

- Investigation/Test Results:
  - Comprehensive audiometry: Planned, to determine the severity and pattern of hearing loss
  - MRI of the brain with internal auditory canal focus: Ordered to rule out central/neurological causes (pending results)"|"**Medical Note**

**Subjective:**
The patient is a 62-year-old female with a high health literacy presenting with a moderate to severe bilateral reduction in hearing which has progressively worsened over the past 2 years. She reports constant tinnitus and indicates that the hearing impairment has significantly impacted her daily activities, including difficulties with conversations and the need to increase the television volume. There is a family history of late-onset hearing loss in her grandfather. No known allergies or history of ototoxic medication use are reported. The patient leads a moderate lifestyle with regular exercise and balances diet, consumes alcohol socially, and denies tobacco or drug use. She is a retired teacher, cooperative, and proactive concerning her health.

**Objective:**
Physical examination with otoscopy revealed normal tympanic membranes. Tuning fork tests (Rinne and Weber) were indicative of sensorineural hearing loss. Vital signs were within normal limits, and the patient has well-controlled hypertension. Otoscopic examination showed no signs of current acute or chronic otitis media.

**Assessment:**
The patient's history and initial physical examination findings are consistent with a diagnosis of bilateral sensorineural hearing loss (ICD-10: H90.3). The progressive nature of the condition over two years along with the tuning fork test results supports this diagnosis. There is no evidence of exposure to ototoxic medication or findings suggestive of other ear pathologies.

**Plan:**
1. Audiometry - Refer to an audiologist for a detailed audiometry test to quantify the degree of hearing loss and guide hearing aid selection.
2. Hearing aids - Prescribe bilateral hearing aids, pending audiometric results. Ensure proper fitting and follow-up for potential adjustments.
3. Cochlear implant evaluation - In severe cases, consult with a cochlear implant team for patient candidacy evaluation.
4. Steroid therapy - Consider a short course of steroid therapy if audiometric results indicate the recent onset of sudden sensorineural hearing loss.
5. MRI - Order an MRI of the brain with a focus on the internal auditory canal to rule out any central/neurological causes for her auditory symptoms (results pending).
6. Referrals:
   - Audiologist for hearing aid fitting.
   - Neurologist if MRI suggests central cause or the audiometry results are atypical.
7. Follow-up - Schedule monthly follow-up appointments for the first three months to monitor the adaptation to hearing aids or recovery after potential cochlear implant surgery. Transition to biannual follow-up assessments afterward.
   
**Note**: Medication is not applicable for chronic sensorineural hearing loss; however, vigilant control of the patient's hypertension is advised.

Given the patient's proactive approach and adequate insurance coverage, it is anticipated that she will comply well with the management plan. The use of a specialty clinic in a big city ensures access to necessary specialist care with minimal barriers. The patient’s social drinking habits and balanced diet should be maintained, although counseling on the potential impact of alcohol on tinnitus may be beneficial. The patient will be re-evaluated at each follow-up visit to assess the effectiveness of the chosen interventions and make adjustments as necessary."|"**Medical Note**

**Subjective:**
The patient, Mrs. Smith, is a 62-year-old female with a high health literacy presenting with a moderate to severe bilateral reduction in hearing which has progressively worsened over the past 2 years. She reports constant tinnitus and indicates that the hearing impairment has significantly impacted her daily activities, including difficulties with conversations and the need to increase the television volume. There is a family history of late-onset hearing loss in her grandfather. No known allergies or history of ototoxic medication use are reported. Mrs. Smith leads a moderate lifestyle with regular exercise and balanced diet, consumes alcohol socially, and denies tobacco or drug use. She is a retired teacher, cooperative, and proactive concerning her health.

**Objective:**
Physical examination with otoscopy revealed normal tympanic membranes. Tuning fork tests (Rinne and Weber) were indicative of sensorineural hearing loss. Vital signs were within normal limits, and Mrs. Smith has well-controlled hypertension. Otoscopic examination showed no signs of current acute or chronic otitis media.

**Assessment:**
The patient's history and initial physical examination findings are consistent with a diagnosis of bilateral sensorineural hearing loss (ICD-10: H90.3). The progressive nature of the condition over two years along with the tuning fork test results supports this diagnosis. There is no evidence of exposure to ototoxic medication or findings suggestive of other ear pathologies.

**Plan:**
1. Audiometry - Refer Mrs. Smith to an audiologist named Dr. Gonzalez for a detailed audiometry test to quantify the degree of hearing loss and guide hearing aid selection.
2. Hearing aids - Prescribe bilateral hearing aids for Mrs. Smith, pending audiometric results. Ensure proper fitting and follow-up for potential adjustments.
3. Cochlear implant evaluation - Consult with a cochlear implant team named Dr. Williams for patient candidacy evaluation if severe hearing loss is confirmed.
4. Steroid therapy - Consider a short course of steroid therapy for Mrs. Smith if audiometric results indicate the recent onset of sudden sensorineural hearing loss.
5. MRI of the brain with a focus on the internal auditory canal - Order for Mrs. Smith to rule out any central/neurological causes for her auditory symptoms; for review once results are available.
6. Referrals:
   - Audiologist Dr. Gonzalez for hearing aid fitting.
   - Neurologist Dr. Johnson if MRI suggests central cause or the audiometry results are atypical.
7. Follow-up - Schedule monthly follow-up appointments for Mrs. Smith for the first three months to monitor the adaptation to hearing aids or recovery after potential cochlear implant surgery. Transition to biannual follow-up assessments afterward.

**Note**: Medication is not applicable for chronic sensorineural hearing loss, however, vigilant control of Mrs. Smith's hypertension is advised.

Given Mrs. Smith's proactive approach and adequate insurance coverage, it is anticipated that she will comply well with the management plan. The use of a specialty clinic in a big city ensures access to necessary specialist care with minimal barriers. Mrs. Smith’s social drinking habits and balanced diet should be maintained, although counseling on the potential impact of alcohol on tinnitus may be beneficial. Mrs. Smith will be re-evaluated at each follow-up visit to assess the effectiveness of the chosen interventions and to make adjustments as necessary."|Otologist (Ear Specialist)
1|CHRONIC PAIN SYNDROME|"ROLE: Pain Management Specialist

1) Medical Outcome: Diagnosis confirmed as Chronic Pain Syndrome (CPS). Prescribed treatment includes a combination of physical therapy, cognitive-behavioral therapy, and pharmacological management. Medication prescribed: Gabapentin, 300 mg oral capsules, three times daily for pain management, initial prescription for 30 days with one refill. Referral to physiotherapist (Dr. Maria Gonzalez, Specialist in pain rehabilitation) for assessment and tailored exercise program.

2) Medical History: Previous diagnosis of lumbar disc disease. Family history of fibromyalgia. No known medication allergies. Chronic back pain following past injury.

3) Symptom Description: Patient reports persistent low back pain of moderate severity, lasting over 6 months, occurring daily, exacerbated by movement, impacting ability to perform daily activities including work.

4) Patient’s self-reported habits and lifestyle: Reports poor sleep quality, diet high in processed foods, minimal exercise due to pain, no tobacco use, moderate alcohol use on weekends, no illicit drug use.

5) Demographic Information: Age 42, Female, Caucasian, middle socio-economic status, college-educated, high health literacy, employed as a graphic designer.

6) Patient's Behavior: Patient is willing to follow medical advice and appears motivated to engage in non-pharmacological interventions to manage pain.

7) Geographical Location: Suburban area in a large city, generally affluent, well-served by transit, low pollution, and environmental health risks.

8) Clinical Setting: Specialty clinic that provides integrated services for chronic pain management.

9) Type of Encounter: Initial consultation at pain management clinic for chronic back pain.

10) Treatment Disparities: No disparities observed; treatment recommendations made based on clinical guidelines and patient’s preferences.

11) Native English-speaking patient.

12) Physical exams: General examination was unremarkable. Pain localized to the lumbar region with no radiation. No neurological deficits found.

13) Investigation/Test results: Request for lumbar spine MRI to evaluate structural abnormalities that might contribute to chronic pain. Further blood work ordered to rule out inflammatory conditions: Complete Blood Count (CBC), Erythrocyte Sedimentation Rate (ESR), C-Reactive Protein (CRP), Rheumatoid Factor (RF), and Antinuclear Antibodies (ANA). Results are pending."|"Subjective:
The 42-year-old female patient presents with persistent low back pain of moderate severity lasting over 6 months. She reports the pain to be daily, exacerbated by movement and impacting her ability to perform daily activities and work. She has a prior diagnosis of lumbar disc disease and a family history of fibromyalgia. The patient denies any known medication allergies. She reports poor sleep quality, a diet high in processed foods, and minimal exercise due to pain. There is no tobacco use, though there is moderate alcohol consumption on weekends, and no illicit drug use. The patient appears motivated to engage in medical advice and is open to non-pharmacological interventions.

Objective:
General physical examination was unremarkable. The patient's pain is localized to the lumbar region without radiation, and no neurological deficits were detected. Vital signs were within normal limits (specific vital signs measurements would be documented here if available).

Assessment:
The patient has a confirmed diagnosis of Chronic Pain Syndrome (CPS), which seems to be complex and multifactorial in nature, influenced by her past lumbar disc disease and perhaps a genetic predisposition to fibromyalgia, although the latter is not currently diagnosed.

Plan:
1. **Pharmacological Management**: Start Gabapentin, 300 mg oral capsules, three times daily to manage pain with an initial prescription for 30 days and one refill.
2. **Physical Therapy**: Refer the patient to Dr. Maria Gonzalez, a physiotherapist specializing in pain rehabilitation, for an assessment and a tailored exercise program.
3. **Cognitive-Behavioral Therapy (CBT)**: Recommend starting CBT to address the psychological aspects of chronic pain.
4. **Lifestyle Modifications**: Patient education regarding the importance of a balanced diet and gradual introduction of low-impact exercises as tolerated. Discuss strategies for improving sleep hygiene.
5. **Follow-Up**: Arrange a follow-up appointment in 4 weeks to assess response to medication and therapies.
6. **Investigations**: 
   - Order lumbar spine MRI to assess for structural abnormalities contributing to chronic pain.
   - Blood tests to rule out inflammatory conditions: CBC, ESR, CRP, RF, and ANA. 
   Follow up on results when available and adjust the treatment plan accordingly.

These recommendations are advanced while considering the patient's high health literacy, socioeconomic status, and access to recommended services due to geographic location."|"Subjective:
The patient, Emily, a 42-year-old female, presents with persistent low back pain of moderate severity lasting over 6 months. She reports the pain to be daily, exacerbated by movement, and impacting her ability to perform daily activities and work. Emily has a prior diagnosis of lumbar disc disease and a family history of fibromyalgia. She denies any known medication allergies. She reports poor sleep quality, a diet high in processed foods, and minimal exercise due to pain. There is no tobacco use, though there is moderate alcohol consumption on weekends, and no illicit drug use. Emily appears motivated to engage in medical advice and is open to non-pharmacological interventions.

Objective:
General physical examination was unremarkable. Emily's pain is localized to the lumbar region without radiation, and no neurological deficits were detected. Vital signs were within normal limits (specific vital signs measurements would be documented here if available).

Assessment:
Emily has a confirmed diagnosis of Chronic Pain Syndrome (CPS), which seems to be complex and multifactorial in nature, influenced by her past lumbar disc disease and perhaps a genetic predisposition to fibromyalgia, although the latter is not currently diagnosed.

Plan:
1. Pharmacological Management: Prescribe Gabapentin, 300 mg oral capsules, three times daily to manage pain with an initial prescription for 30 days and one refill.
2. Physical Therapy: Refer Emily to a physiotherapist specializing in pain rehabilitation, for an assessment and a tailored exercise program. Referral to Dr. Maria Gonzalez for physical therapy.
3. Cognitive-Behavioral Therapy (CBT): Recommend starting CBT to address the psychological aspects of chronic pain.
4. Lifestyle Modifications: Educate Emily on the importance of a balanced diet and the gradual introduction of low-impact exercises as tolerated. Discuss strategies for improving sleep hygiene.
5. Follow-Up: Arrange a follow-up appointment for Emily in 4 weeks to assess the response to medication and therapies.
6. Investigations: Order a lumbar spine MRI to assess for structural abnormalities contributing to chronic pain and blood tests to rule out inflammatory conditions: CBC, ESR, CRP, RF, and ANA. Plan to follow up on the results when available and adjust the treatment plan accordingly.

These recommendations are tailored to Emily's high health literacy, socioeconomic status, and access to recommended services due to geographic location."|Pain Management Specialist
2|CHRONIC VIRAL HEPATITIS C|"ROLE: Infectious Disease Specialist

- Medical Outcome: 
  - Diagnosis: Chronic Viral Hepatitis C (ICD-10: B18.2)
  - Prescribed Treatment: Antiviral medication
    - Details: Sofosbuvir/Velpatasvir (400mg/100mg) combination therapy
    - Dose: 1 tablet
    - Frequency: once daily
    - Duration: 12 weeks
    - Quantity: 84 tablets
    - Quantity Type: Tablets
    - Route: Oral
  - Follow-up Recommendations: Monthly liver function tests during treatment; post-treatment HCV RNA test after 12 weeks
  - Referral: To a hepatologist for liver fibrosis assessment
    - Reason for Referral: Evaluation of liver health
    - Specialty: Hepatology
  - Order for Blood Work: 
    - Panels: Liver function tests, Viral load (HCV RNA quantification), Complete Blood Count (CBC), Prothrombin Time (PT)

- Medical History: 
  - Previous Diagnoses: Chronic kidney disease stage II, Hypertension
  - Family Medical History: Father with Non-Alcoholic Steatohepatitis (NASH)
  - Medication History: Tenofovir for the kidney disease, Enalapril for hypertension
  - Allergies: No known drug allergies
  - Chronic Conditions: Hypertension, Chronic kidney disease

- Symptom Description:
  - Severity: Mild
  - Duration of current symptoms: Intermittent over the last 6 months
  - Associated Symptoms: Fatigue, mild jaundice
  - Frequency: Symptoms wax and wane
  - Impact on Daily Activities: Moderate impact, notably energy levels

- Patient’s Self-reported Habits and Lifestyle:
  - Sleep: 6-7 hours per night
  - Diet: High protein, low carbohydrate
  - Exercise: Sedentary, little to no exercise
  - Tobacco Use: Former smoker, quit 5 years ago
  - Alcohol Use: None
  - Drug Use: Recreational marijuana use twice monthly
  - Recreational Activities: Occasional fishing

- Demographic Information:
  - Age: 52 years
  - Gender: Male
  - Ethnicity: Caucasian
  - Socio-economic Status: Middle class
  - Education Level: Some college
  - Health Literacy: Moderately high
  - Job Status: Employed full-time as an office manager

- Patient's Behavior: 
  - Compliance: Patient is generally compliant but sometimes forgets to take medications

- Geographical Location:
  - Type: Small city
  - Location Characteristics: Suburban, fairly low environmental health risks

- Clinical Setting: 
  - Specialty Clinic, specifically for infectious diseases

- Type of Encounter:
  - Follow-up for chronic disease management and monitoring of hepatitis C viral load

- Treatment Disparities: 
  - No disparities offered at present; treatment plan fully covered by insurance

- Native or Non-Native English Speaking Patient: 
  - Native English speaker

- Physical Exams: 
  - Hepatomegaly assessment, jaundice check, ascites evaluation

- Investigation/Test Results: 
  - Awaiting liver function tests and HCV RNA quantification; immediate past results indicate elevated ALT and AST with previous HCV RNA quantification confirming viral replication."|"Medical Note:

1. Subjective:
A 52-year-old Caucasian male presents for a follow-up regarding his chronic viral hepatitis C. Patient reports experiencing intermittent mild symptoms over the past six months, including fatigue and slight jaundice. He mentions these symptoms tend to wax and wane but have moderately impacted his daily energy levels. The patient has a history of chronic kidney disease stage II and hypertension. He has been compliant with prescribed medications, although he admits to occasional lapses in taking them as directed. His lifestyle involves minimal exercise, and he consumes a high-protein, low-carbohydrate diet. The patient is a former smoker and engages in recreational marijuana use bi-monthly. Family medical history is significant for a father with non-alcoholic steatohepatitis (NASH).

2. Objective:
Upon examination, the patient appears mildly jaundiced and exhibits signs of hepatomegaly. No ascites are noted. No other significant findings are observed through the physical exam. Past blood tests have shown elevated liver enzymes (ALT and AST), confirming active viral replication. Current liver function tests and viral load quantification are pending.

3. Assessment:
The patient is diagnosed with chronic viral hepatitis C (ICD-10: B18.2). His symptoms and liver enzyme elevations are consistent with ongoing chronic infection. The patient's history of chronic kidney disease and hypertension are also being carefully considered in the management plan.

4. Plan:
- Treatment: Prescribe antiviral medication Sofosbuvir/Velpatasvir (400mg/100mg) as a single tablet once daily for a duration of 12 weeks. Dispense 84 tablets for the full course.
- Monitoring: Schedule monthly liver function tests to monitor treatment response and tolerability. Following completion of the antiviral therapy, an HCV RNA test is to be performed after 12 weeks to assess sustained virologic response.
- Referral: Refer the patient to a hepatologist for evaluation of potential liver fibrosis and further assessment of liver health given chronic HCV infection and family history of NASH.
- Blood Work: Order liver function tests, HCV RNA quantification, CBC, and PT to monitor the patient's condition and treatment progress.
- Patient Instruction: Educate the patient on the importance of medication adherence and potential side effects of antiviral therapy. Discuss lifestyle modifications such as increasing physical activity to improve overall health.
- Follow-Up: Arrange a follow-up appointment in one month to review test results and check for side effects of treatment. 

All elements of the treatment plan, including medication, referrals, and tests, are fully covered by the patient's insurance. The patient is to be reminded of the importance of maintaining consistent medication adherence, even with his moderately high health literacy and busy work schedule. Ensure the patient understands all instructions and provide both written and verbal guidelines."|"Medical Note:

1. Subjective:
A 52-year-old Caucasian male, Mr. John Smith, presents for a follow-up regarding his chronic viral hepatitis C. Mr. Smith reports experiencing intermittent mild symptoms over the past six months, including fatigue and slight jaundice. He mentions these symptoms tend to wax and wane but have moderately impacted his daily energy levels. The patient has a history of chronic kidney disease stage II and hypertension. He has been compliant with prescribed medications, although he admits to occasional lapses in taking them as directed. His lifestyle involves minimal exercise, and he consumes a high-protein, low-carbohydrate diet. Mr. Smith is a former smoker and engages in recreational marijuana use bi-monthly. Family medical history is significant for a father with non-alcoholic steatohepatitis (NASH).

2. Objective:
Upon examination, Mr. Smith appears mildly jaundiced and exhibits signs of hepatomegaly. No ascites are noted. No other significant findings are observed through the physical exam. Elevated liver enzymes (ALT and AST) have been noted in past blood tests, confirming active viral replication.

3. Assessment:
Mr. Smith is diagnosed with chronic viral hepatitis C (ICD-10: B18.2). His intermittent symptoms and liver enzyme elevations are consistent with an ongoing chronic infection. The patient's history of chronic kidney disease and hypertension are being carefully considered in the management plan.

4. Plan:
- Treatment: Prescribe antiviral medication Sofosbuvir/Velpatasvir (400mg/100mg) as a single tablet once daily for a duration of 12 weeks. Dispense 84 tablets for the full course.
- Monitoring: Schedule monthly liver function tests to monitor treatment response and tolerability. Following completion of the antiviral therapy, an HCV RNA test is to be performed after 12 weeks to assess sustained virologic response.
- Referral: Refer Mr. Smith to Dr. Rebecca Lee, a hepatologist, for evaluation of potential liver fibrosis and further assessment of liver health given chronic HCV infection and family history of NASH.
- Plan for additional tests and follow-up: Order liver function tests, HCV RNA quantification, CBC, and PT to monitor Mr. Smith's condition and treatment progress. Arrange a follow-up appointment in one month to review test results and check for side effects of treatment.
- Patient Instruction: Educate Mr. Smith on the importance of medication adherence and potential side effects of antiviral therapy. Discuss lifestyle modifications such as increasing physical activity to improve overall health.

The elements of the treatment plan, including medication, referrals, and tests, are fully covered by Mr. Smith's insurance. He will be reminded of the importance of maintaining consistent medication adherence, even with his moderately high health literacy and busy work schedule. Ensure Mr. Smith understands all instructions and provide both written and verbal guidelines."|Infectious Disease Specialist
3|MAJOR DEPRESSIVE DISORDER, RECURRENT SEVERE WITHOUT PSYCHOTIC FEATURES|"ROLE: Psychiatrist

1) Medical Outcome: Diagnosis of Major Depressive Disorder, recurrent severe without psychotic features. Prescribed treatment includes starting on Sertraline 50 mg, oral tablets, once daily, for 4 weeks initially, with a quantity of 28 tablets. Monthly follow-up appointments recommended for medication review and adjustment as necessary. Cognitive Behavioral Therapy (CBT) sessions once a week for 3 months. No referral to specialists at this time.

2) Medical History: History of two previous major depressive episodes in the past 5 years. No known family history of mental health issues. Previous medication trials include fluoxetine and bupropion, with partial response. No known drug allergies. No chronic conditions reported.

3) Symptom Description: Patient reports severe depressive symptoms persisting for more than 6 weeks, including anhedonia, significant weight loss, and sleep disturbances. Symptoms impact daily activities, rendering the patient unable to work effectively.

4) Patient’s self-reported habits and lifestyle: Reports poor sleep quality, eating one meal a day (poor appetite), no regular exercise due to lack of energy/motivation, non-smoker, occasional alcohol consumption but has abstained since the onset of the current depressive episode.

5) Demographic Information: 38-year-old female, Caucasian, middle-class socio-economic status, college-educated, currently unemployed due to depressive symptoms, high health literacy.

6) Patient's Behavior: Demonstrates understanding of the illness and expresses willingness to comply with medical advice.

7) Geographical Location: Lives in a suburban neighborhood, moderate to high socioeconomic status, low pollution, well-served by transit.

8) Clinical Setting: Private psychiatric practice.

9) Type of Encounter: Initial consultation following referral from primary care physician due to the severity of depression symptoms.

10) Treatment Disparities: None observed or reported.

11) Native or Non-Native English Speaking Patient: Native English-speaking patient.

12) Physical exams: Conducted a brief physical examination revealing no abnormal findings.

13) Investigation/Test results: Blood workup ordered to rule out thyroid dysfunction or other physiological contributions to depressive symptoms. Order details: Complete Blood Count (CBC), Thyroid Stimulating Hormone (TSH) test, Comprehensive Metabolic Panel (CMP). Results pending."|"Subjective:
The patient, a 38-year-old Caucasian female, reports severe symptoms of depression that have been persistent for over six weeks. She has experienced anhedonia, significant weight loss, and sleep disturbances, severely impacting her ability to perform daily activities and maintain employment. The patient has a history of two previous major depressive episodes in the last five years, and trials of fluoxetine and bupropion were met with partial response only. No family history of mental health issues has been reported, and there are no known drug allergies. The patient reports poor dietary habits, eating only one meal daily, and does not engage in regular exercise due to lack of energy and motivation. She is a non-smoker and has reduced her alcohol intake to zero since the onset of the current episode. She is well-educated, has high health literacy, and is currently unemployed due to her depressive symptoms. Despite her condition, she demonstrates an understanding of her illness and is willing to comply with medical recommendations. There have been no observed or reported treatment disparities, and she is a native English speaker.

Objective:
A brief physical examination conducted showed no abnormal findings. The patient's general appearance is consistent with her reported symptoms of depression, including poor nutrition and fatigue.

Assessment:
The patient is diagnosed with Major Depressive Disorder, recurrent, severe without psychotic features.

Plan:
1. Medication: Initiate treatment with Sertraline 50 mg, oral tablets, once daily, for 4 weeks with 28 tablets prescribed. Monitor for side effects and response to treatment with potential dosage adjustments at the monthly follow-up appointment.
2. Therapy: Cognitive Behavioral Therapy (CBT) sessions are recommended once a week for 3 months, to address negative thinking patterns and promote behavioral changes.
3. Follow-up: Monthly follow-up appointments for medication review and necessary adjustments.
4. Investigations: Order the following to rule out physiological contributors to depressive symptoms: Complete Blood Count (CBC), Thyroid Stimulating Hormone (TSH) test, Comprehensive Metabolic Panel (CMP). Await results.
5. Lifestyle Modification: Encourage the patient to attempt small, manageable changes in diet and exercise as tolerated, which may improve mood and overall well-being.
6. Support: Discuss available community resources and support groups that could provide additional support and encourage adherence to the treatment plan."|"Subjective:
The patient, whom I shall refer to as Ms. Jane Doe, a 38-year-old Caucasian female, reports severe symptoms of depression that have been persistent for over six weeks. She describes anhedonia, significant weight loss, and sleep disturbances, which have severely impacted her ability to perform daily activities and maintain employment. Ms. Doe has a history of two previous major depressive episodes in the last five years, and trials of fluoxetine and bupropion were met with only a partial response. No family history of mental health issues has been reported, and there are no known drug allergies. Ms. Doe reports poor dietary habits, eating only one meal daily, and does not engage in regular exercise due to a lack of energy and motivation. She is a non-smoker and has reduced her alcohol intake to zero since the onset of the current episode. She is well-educated, with high health literacy, and is currently unemployed due to her depressive symptoms. Despite her condition, she demonstrates an understanding of her illness and is willing to comply with medical recommendations. There have been no observed or reported treatment disparities, and she is a native English speaker.

Objective:
A brief physical examination conducted showed no abnormal findings. The patient's general appearance is consistent with her reported symptoms of depression, including poor nutrition and fatigue. Vital signs were within normal limits at the time of examination.

Assessment:
Ms. Doe is diagnosed with Major Depressive Disorder, recurrent, severe without psychotic features. 

Plan:
1. Medication: Initiate treatment with Sertraline 50 mg, oral tablets, once daily, for 4 weeks with 28 tablets prescribed. Monitor for side effects and response to treatment with potential dosage adjustments at the monthly follow-up appointment.

2. Therapy: Refer Ms. Doe for Cognitive Behavioral Therapy (CBT) sessions once a week for 3 months, to address negative thinking patterns and promote behavioral changes. The referral will be made to a licensed clinical psychologist, Dr. Emily Johnson.

3. Follow-up: Monthly follow-up appointments for medication review and necessary adjustments.

4. Investigations: Order the following tests to rule out physiological contributors to depressive symptoms: Complete Blood Count (CBC), Thyroid Stimulating Hormone (TSH) test, Comprehensive Metabolic Panel (CMP). Await results.  

5. Lifestyle Modification: Encourage Ms. Doe to attempt small, manageable changes in diet and exercise as tolerated, which may improve mood and overall well-being.

6. Support: Discuss available community resources and support groups that could provide additional support and encourage adherence to the treatment plan."|Psychiatrist
4|HERPESVIRAL INFECTION, UNSPECIFIED|"ROLE: Infectious Disease Specialist

1) Medical Outcome: 
   - Diagnosis: Herpesviral infection, unspecified (ICD-10 code not specified as user's input)
   - Prescribed Treatment: Acyclovir 400 mg tablets
   - Dose: 400 mg
   - Units: mg
   - Frequency: Three times daily
   - Duration: 7-10 days
   - Quantity: 21-30 tablets
   - Route: Oral
   - Follow-up Recommendations: Appointment in 2 weeks to reassess symptoms and efficacy of treatment
   - Referral for further tests: Herpes simplex virus (HSV) type-specific serology to ascertain type 1 or type 2 infection

2) Medical History: 
   - Previous Diagnosis: None reported
   - Family Medical History: No known hereditary conditions
   - Medication History: No regular medications
   - Allergies: No known drug allergies
   - Chronic Conditions: None reported

3) Symptom Description: 
   - Severity: Moderate
   - Duration: Outbreak started 3 days ago
   - Associated symptoms: Vesicular lesions, pain, itching
   - Frequency: First outbreak, no previous history
   - Impact on daily activities: Moderate discomfort, avoided social activities

4) Patient’s self-reported habits and lifestyle: 
   - Sleep: Adequate (7-8 hours per night)
   - Diet: Balanced
   - Exercise: Moderate exercise, 3 times a week
   - Tobacco Use: Non-smoker
   - Alcohol Consumption: Social drinker, 1-2 units per week
   - Drug Use: None reported
   - Recreational Activities: Hiking, reading

5) Demographic Information: 
   - Age: 29 years
   - Gender: Female
   - Ethnicity: Caucasian
   - Socio-economic Status: Middle income
   - Education Level: College graduate
   - Health Literacy: Understands basic health information
   - Job Status: Employed full-time

6) Patient's Behavior: 
   - Patient's cooperation with medical advice is good

7) Geographical Location: 
   - Urban environment, well-served by transit, moderate levels of pollution

8) Clinical Setting: 
   - Specialty clinic, Infectious Disease Department

9) Type of Encounter: 
   - Initial consultation

10) Treatment Disparities: 
   - No treatment disparities identified; patient has health insurance coverage

11) Native or Non-Native English Speaking Patient: 
   - Native English speaker

12) Physical exams: 
   - Genital exam confirms vesicular lesions consistent with herpes

13) Investigation/Test results: 
   - Awaiting results for HSV type-specific serology"|"Subjective:
A 29-year-old female presents with moderate, painful, and itchy vesicular lesions, which emerged 3 days ago. This is the patient’s first episode of such an outbreak, with no previous history of similar symptoms or other chronic conditions. The lesions have caused moderate discomfort and affected her social activities. The patient sleeps well and maintains a balanced diet and exercise routine, engaging in hiking and reading as recreational activities. She reports being a social drinker with minimal alcohol intake and denies tobacco or illegal drug use. She understands basic health information and is a good communicator, able to follow medical advice faithfully. There are no reported drug allergies, regular medications, or known hereditary conditions in her family medical history.

Objective:
Physical examination reveals vesicular lesions localized in the genital region, consistent with a herpesviral infection. The patient is otherwise healthy, with no other acute findings. Results for HSV type-specific serology are pending.

Assessment:
The patient has moderate herpesviral infection, unspecified. Differential diagnoses include HSV types 1 and 2, which will be clarified upon receipt of serology results.

Plan:
- Prescribe Acyclovir 400 mg tablets, to take 400 mg orally three times daily for 7-10 days for a total quantity of 21-30 tablets.
- Schedule a follow-up appointment in 2 weeks to reassess symptoms and treatment efficacy.
- Counsel the patient about the nature of her herpesviral infection, including potential recurrences, transmission risk, and safe sexual practices.
- Await and review results for HSV type-specific serology to confirm whether type 1 or 2 infection and guide further management.
- Consider referral to mental health services if the patient experiences significant psychological distress in relation to her diagnosis."|"Subjective:
A 29-year-old female, whom we'll call Jane Doe, presents with moderate, painful, and itchy vesicular lesions, which emerged 3 days ago. This is Jane's first episode of such an outbreak, with no previous history of similar symptoms or other chronic conditions. The lesions have caused moderate discomfort and affected her social activities. Jane sleeps well and maintains a balanced diet and exercise routine, engaging in hiking and reading as recreational activities. She reports being a social drinker with minimal alcohol intake and denies tobacco or illegal drug use. Jane understands basic health information and is a good communicator, able to follow medical advice faithfully. There are no reported drug allergies, regular medications, or known hereditary conditions in her family medical history.

Objective:
Physical examination reveals vesicular lesions localized in the genital region, consistent with a herpesviral infection. Jane is otherwise healthy, with no other acute findings. Results for HSV type-specific serology are pending.

Assessment:
Jane has a moderate herpesviral infection, unspecified. Differential diagnoses include HSV types 1 and 2, which will be clarified upon receipt of serology results.

Plan:
- Prescribe Acyclovir 400 mg tablets, instructing Jane to take 400 mg orally three times daily for 7-10 days for a total quantity of 21-30 tablets.
- Schedule a follow-up appointment in 2 weeks to reassess symptoms and treatment efficacy.
- Counsel Jane about the nature of her herpesviral infection, including potential recurrences, transmission risk, and safe sexual practices.
- Await and review results for HSV type-specific serology to confirm whether it is a type 1 or 2 infection and guide further management.
- If Jane experiences significant psychological distress in relation to her diagnosis, consider referral to a mental health specialist. We will refer her to Dr. Emily Smith, a clinical psychologist, for counseling and support."|Infectious Disease Specialist
